Title,Por_Sinonimos,Por_Abreviaturas,Por_Siglas,Por_verbs,Infinitive_Verbs_number,Gerund_Verbs_number,Participle_Verbs_number,Articles_number,Preposition_number,Noun,Por_Desconocidas,Por_Largas,Por_Superlativos,Por_Adverbios,Por_Simbolos,Mayusuculas_NoSiglas,Por_Inderterminados,Por_numeros,Por_complex,Por_muy_frecuentes,Por_frecuentes,Por_poco_frecuentes,Por_comillas,Por_Homo,Ratio_Palabra_Frases,Ratio_Caracteres_Palabra,Tipo
AdministraciónPúblicaElectrónicaH,4.805914972273568,0.18484288354898337,0.9242144177449169,7.208872458410351,1.2939001848428835,0.5545286506469501,2.033271719038817,14.048059149722736,18.299445471349355,30.129390018484287,5.175600739371534,4.805914972273568,0.0,0.36968576709796674,1.6635859519408502,0.9242144177449169,0.0,1.1090573012939002,0.0,85.39741219963031,0.7393715341959335,0.18484288354898337,0.0,1.6635859519408502,36.06666666666667,5.146025878003697,Dificil
