Title,Por_Sinonimos,Por_Abreviaturas,Por_Siglas,Por_verbs,Infinitive_Verbs_number,Gerund_Verbs_number,Participle_Verbs_number,Articles_number,Preposition_number,Noun,Por_Desconocidas,Por_Largas,Por_Superlativos,Por_Adverbios,Por_Simbolos,Mayusuculas_NoSiglas,Por_Inderterminados,Por_numeros,Por_complex,Por_muy_frecuentes,Por_frecuentes,Por_poco_frecuentes,Por_comillas,Por_Homo,Ratio_Palabra_Frases,Ratio_Caracteres_Palabra,Tipo
AutonomosAcreditarCeseFacilH,4.524886877828054,0.0,1.3574660633484164,10.85972850678733,2.262443438914027,0.45248868778280543,3.6199095022624435,16.289592760180994,19.457013574660632,30.316742081447963,3.6199095022624435,1.3574660633484164,0.0,0.45248868778280543,0.9049773755656109,0.9049773755656109,0.0,0.9049773755656109,0.0,89.14027149321267,0.9049773755656109,0.0,0.0,0.9049773755656109,36.833333333333336,5.158371040723982,Dificil
