Title,Por_Sinonimos,Por_Abreviaturas,Por_Siglas,Por_verbs,Infinitive_Verbs_number,Gerund_Verbs_number,Participle_Verbs_number,Articles_number,Preposition_number,Noun,Por_Desconocidas,Por_Largas,Por_Superlativos,Por_Adverbios,Por_Simbolos,Mayusuculas_NoSiglas,Por_Inderterminados,Por_numeros,Por_complex,Por_muy_frecuentes,Por_frecuentes,Por_poco_frecuentes,Por_comillas,Por_Homo,Ratio_Palabra_Frases,Ratio_Caracteres_Palabra,Tipo
AutónomosAcreditarCeseFacil,5.68436798803291,1.8698578908002992,1.1219147344801794,14.734480179506358,4.18848167539267,0.07479431563201197,1.944652206432311,13.31338818249813,15.482423335826477,24.83171278982797,1.7950635751682873,1.1219147344801794,0.0,0.5983545250560958,2.019446522064323,0.5235602094240838,0.0,0.8227374719521316,0.0,87.95811518324608,0.07479431563201197,0.0,0.0,1.0471204188481675,26.74,4.68586387434555,Facil
