Title,Por_Sinonimos,Por_Abreviaturas,Por_Siglas,Por_verbs,Infinitive_Verbs_number,Gerund_Verbs_number,Participle_Verbs_number,Articles_number,Preposition_number,Noun,Por_Desconocidas,Por_Largas,Por_Superlativos,Por_Adverbios,Por_Simbolos,Mayusuculas_NoSiglas,Por_Inderterminados,Por_numeros,Por_complex,Por_muy_frecuentes,Por_frecuentes,Por_poco_frecuentes,Por_comillas,Por_Homo,Ratio_Palabra_Frases,Ratio_Caracteres_Palabra,Tipo
AyudasDesempleadosMayores45,1.6774193548387097,0.3870967741935484,1.1612903225806452,10.064516129032258,1.935483870967742,0.0,1.5483870967741935,11.096774193548388,17.29032258064516,26.70967741935484,5.032258064516129,0.9032258064516129,0.0,0.25806451612903225,2.5806451612903225,0.0,0.0,3.7419354838709675,0.0,84.64516129032258,0.12903225806451613,0.12903225806451613,0.0,2.5806451612903225,35.22727272727273,4.512258064516129,Facil
