Title,Por_Sinonimos,Por_Abreviaturas,Por_Siglas,Por_verbs,Infinitive_Verbs_number,Gerund_Verbs_number,Participle_Verbs_number,Articles_number,Preposition_number,Noun,Por_Desconocidas,Por_Largas,Por_Superlativos,Por_Adverbios,Por_Simbolos,Mayusuculas_NoSiglas,Por_Inderterminados,Por_numeros,Por_complex,Por_muy_frecuentes,Por_frecuentes,Por_poco_frecuentes,Por_comillas,Por_Homo,Ratio_Palabra_Frases,Ratio_Caracteres_Palabra,Tipo
AyudasEmigrantesRetornados,3.9295392953929538,0.5420054200542005,1.7615176151761518,12.940379403794038,3.861788617886179,0.2032520325203252,2.7777777777777777,10.975609756097562,16.124661246612465,28.252032520325205,3.997289972899729,0.27100271002710025,0.0,0.06775067750677506,1.9647696476964769,1.2195121951219512,0.0,2.845528455284553,0.0,84.14634146341463,0.13550135501355012,0.2032520325203252,0.0,2.6422764227642275,26.836363636363636,4.631436314363143,Facil
