Title,Por_Sinonimos,Por_Abreviaturas,Por_Siglas,Por_verbs,Infinitive_Verbs_number,Gerund_Verbs_number,Participle_Verbs_number,Articles_number,Preposition_number,Noun,Por_Desconocidas,Por_Largas,Por_Superlativos,Por_Adverbios,Por_Simbolos,Mayusuculas_NoSiglas,Por_Inderterminados,Por_numeros,Por_complex,Por_muy_frecuentes,Por_frecuentes,Por_poco_frecuentes,Por_comillas,Por_Homo,Ratio_Palabra_Frases,Ratio_Caracteres_Palabra,Tipo
AyudasParadosLargaDuracionFacil,3.2450896669513236,1.0247651579846284,3.5012809564474807,10.589239965841161,2.220324508966695,0.08539709649871904,2.134927412467976,11.272416737830914,16.310845431255338,27.327070879590092,2.9035012809564473,1.1101622544833476,0.0,0.3415883859948762,3.842869342442357,0.6831767719897524,0.0,2.049530315969257,0.0,86.16567036720751,0.4269854824935952,0.2561912894961571,0.0,2.391118701964133,39.03333333333333,4.549957301451751,Facil
