Title,Por_Sinonimos,Por_Abreviaturas,Por_Siglas,Por_verbs,Infinitive_Verbs_number,Gerund_Verbs_number,Participle_Verbs_number,Articles_number,Preposition_number,Noun,Por_Desconocidas,Por_Largas,Por_Superlativos,Por_Adverbios,Por_Simbolos,Mayusuculas_NoSiglas,Por_Inderterminados,Por_numeros,Por_complex,Por_muy_frecuentes,Por_frecuentes,Por_poco_frecuentes,Por_comillas,Por_Homo,Ratio_Palabra_Frases,Ratio_Caracteres_Palabra,Tipo
AyudasDespuesParoH,2.7960526315789473,1.480263157894737,0.8223684210526315,11.348684210526315,3.289473684210526,0.0,2.4671052631578947,13.322368421052632,19.736842105263158,25.0,2.6315789473684212,1.644736842105263,0.0,0.16447368421052633,1.1513157894736843,0.6578947368421053,0.0,0.4934210526315789,0.0,84.86842105263158,0.9868421052631579,0.6578947368421053,0.0,2.4671052631578947,23.384615384615383,4.797697368421052,Dificil
