Title,Por_Sinonimos,Por_Abreviaturas,Por_Siglas,Por_verbs,Infinitive_Verbs_number,Gerund_Verbs_number,Participle_Verbs_number,Articles_number,Preposition_number,Noun,Por_Desconocidas,Por_Largas,Por_Superlativos,Por_Adverbios,Por_Simbolos,Mayusuculas_NoSiglas,Por_Inderterminados,Por_numeros,Por_complex,Por_muy_frecuentes,Por_frecuentes,Por_poco_frecuentes,Por_comillas,Por_Homo,Ratio_Palabra_Frases,Ratio_Caracteres_Palabra,Tipo
AyudasAutonomosParoFacil,9.090909090909092,0.44130626654898497,0.794351279788173,14.210061782877316,3.442188879082083,0.264783759929391,1.676963812886143,12.444836716681376,16.063548102383052,23.300970873786408,3.883495145631068,0.794351279788173,0.0,0.44130626654898497,1.853486319505737,0.176522506619594,0.0,0.794351279788173,0.0,84.99558693733451,0.176522506619594,0.44130626654898497,0.0,2.824360105913504,26.348837209302324,4.510150044130627,Facil
