Title,Por_Sinonimos,Por_Abreviaturas,Por_Siglas,Por_verbs,Infinitive_Verbs_number,Gerund_Verbs_number,Participle_Verbs_number,Articles_number,Preposition_number,Noun,Por_Desconocidas,Por_Largas,Por_Superlativos,Por_Adverbios,Por_Simbolos,Mayusuculas_NoSiglas,Por_Inderterminados,Por_numeros,Por_complex,Por_muy_frecuentes,Por_frecuentes,Por_poco_frecuentes,Por_comillas,Por_Homo,Ratio_Palabra_Frases,Ratio_Caracteres_Palabra,Tipo
BecasParoH,1.1848341232227488,2.6066350710900474,0.47393364928909953,13.507109004739336,1.8957345971563981,0.9478672985781991,3.7914691943127963,12.796208530805687,15.402843601895734,24.881516587677726,1.4218009478672986,1.6587677725118484,0.0,0.47393364928909953,0.0,1.1848341232227488,0.0,0.0,0.0,90.04739336492891,0.47393364928909953,0.47393364928909953,0.0,1.8957345971563981,42.2,5.111374407582939,Dificil
