Title,Por_Sinonimos,Por_Abreviaturas,Por_Siglas,Por_verbs,Infinitive_Verbs_number,Gerund_Verbs_number,Participle_Verbs_number,Articles_number,Preposition_number,Noun,Por_Desconocidas,Por_Largas,Por_Superlativos,Por_Adverbios,Por_Simbolos,Mayusuculas_NoSiglas,Por_Inderterminados,Por_numeros,Por_complex,Por_muy_frecuentes,Por_frecuentes,Por_poco_frecuentes,Por_comillas,Por_Homo,Ratio_Palabra_Frases,Ratio_Caracteres_Palabra,Tipo
CalendarioDelContribuyenteH,5.4310072623934325,1.9892642879696874,1.2472371329333753,6.141458793811178,1.1367224502683928,0.15787811809283234,2.162930217871803,7.451847173981686,19.355857278181244,24.250078939059048,11.52510262077676,1.752447110830439,0.0,0.22102936532996525,1.1367224502683928,1.2156615093148089,0.0,10.072623934322703,0.0,73.60277865487843,0.742027155036312,0.473634354278497,0.0,2.2102936532996527,26.613445378151262,4.469371645089991,Dificil
