Title,Por_Sinonimos,Por_Abreviaturas,Por_Siglas,Por_verbs,Infinitive_Verbs_number,Gerund_Verbs_number,Participle_Verbs_number,Articles_number,Preposition_number,Noun,Por_Desconocidas,Por_Largas,Por_Superlativos,Por_Adverbios,Por_Simbolos,Mayusuculas_NoSiglas,Por_Inderterminados,Por_numeros,Por_complex,Por_muy_frecuentes,Por_frecuentes,Por_poco_frecuentes,Por_comillas,Por_Homo,Ratio_Palabra_Frases,Ratio_Caracteres_Palabra,Tipo
CertificadoRetencionesIRPF2019FacilH,2.280501710376283,0.9122006841505131,3.30672748004561,14.823261117445838,4.561003420752566,0.11402508551881414,1.596351197263398,14.253135689851767,15.849486887115166,23.14709236031927,5.701254275940707,1.1402508551881414,0.0,0.6841505131128849,0.6841505131128849,0.34207525655644244,0.0,0.798175598631699,0.0,86.20296465222349,0.22805017103762829,0.22805017103762829,0.0,2.1664766248574687,26.575757575757574,4.632839224629419,Dificil
