Title,Por_Sinonimos,Por_Abreviaturas,Por_Siglas,Por_verbs,Infinitive_Verbs_number,Gerund_Verbs_number,Participle_Verbs_number,Articles_number,Preposition_number,Noun,Por_Desconocidas,Por_Largas,Por_Superlativos,Por_Adverbios,Por_Simbolos,Mayusuculas_NoSiglas,Por_Inderterminados,Por_numeros,Por_complex,Por_muy_frecuentes,Por_frecuentes,Por_poco_frecuentes,Por_comillas,Por_Homo,Ratio_Palabra_Frases,Ratio_Caracteres_Palabra,Tipo
CertificadoEmpresa,6.73469387755102,1.6326530612244898,1.530612244897959,12.551020408163266,2.9591836734693877,0.0,3.163265306122449,13.877551020408163,17.346938775510203,27.448979591836736,1.9387755102040816,0.7142857142857143,0.0,0.6122448979591837,1.1224489795918366,0.30612244897959184,0.0,0.5102040816326531,0.0,86.42857142857143,0.8163265306122449,0.7142857142857143,0.0,1.6326530612244898,25.789473684210527,4.625510204081633,Facil
