Title,Por_Sinonimos,Por_Abreviaturas,Por_Siglas,Por_verbs,Infinitive_Verbs_number,Gerund_Verbs_number,Participle_Verbs_number,Articles_number,Preposition_number,Noun,Por_Desconocidas,Por_Largas,Por_Superlativos,Por_Adverbios,Por_Simbolos,Mayusuculas_NoSiglas,Por_Inderterminados,Por_numeros,Por_complex,Por_muy_frecuentes,Por_frecuentes,Por_poco_frecuentes,Por_comillas,Por_Homo,Ratio_Palabra_Frases,Ratio_Caracteres_Palabra,Tipo
CitaPreviaSanitaria,3.0395136778115504,0.7598784194528876,1.5197568389057752,12.158054711246201,3.0395136778115504,0.45592705167173253,1.0638297872340425,12.310030395136778,13.221884498480243,28.72340425531915,4.103343465045593,0.1519756838905775,0.0,0.45592705167173253,3.0395136778115504,1.21580547112462,0.0,0.303951367781155,0.0,85.56231003039514,1.0638297872340425,0.7598784194528876,0.0,3.0395136778115504,25.307692307692307,4.743161094224924,Facil
