Title,Por_Sinonimos,Por_Abreviaturas,Por_Siglas,Por_verbs,Infinitive_Verbs_number,Gerund_Verbs_number,Participle_Verbs_number,Articles_number,Preposition_number,Noun,Por_Desconocidas,Por_Largas,Por_Superlativos,Por_Adverbios,Por_Simbolos,Mayusuculas_NoSiglas,Por_Inderterminados,Por_numeros,Por_complex,Por_muy_frecuentes,Por_frecuentes,Por_poco_frecuentes,Por_comillas,Por_Homo,Ratio_Palabra_Frases,Ratio_Caracteres_Palabra,Tipo
CitaPreviaDGTFacil,3.8424591738712777,1.344860710854947,1.7291066282420748,14.024975984630164,4.707012487992315,0.4803073967339097,1.8251681075888568,13.160422670509126,14.985590778097983,25.16810758885687,4.707012487992315,0.5763688760806917,0.0,0.38424591738712777,1.344860710854947,0.09606147934678194,0.0,0.8645533141210374,0.0,83.76560999039386,0.8645533141210374,0.19212295869356388,0.0,1.9212295869356388,18.589285714285715,4.455331412103747,Facil
