Title,Por_Sinonimos,Por_Abreviaturas,Por_Siglas,Por_verbs,Infinitive_Verbs_number,Gerund_Verbs_number,Participle_Verbs_number,Articles_number,Preposition_number,Noun,Por_Desconocidas,Por_Largas,Por_Superlativos,Por_Adverbios,Por_Simbolos,Mayusuculas_NoSiglas,Por_Inderterminados,Por_numeros,Por_complex,Por_muy_frecuentes,Por_frecuentes,Por_poco_frecuentes,Por_comillas,Por_Homo,Ratio_Palabra_Frases,Ratio_Caracteres_Palabra,Tipo
CitaPreviaServicioSanitarioSaludAndaluz,3.198887343532684,1.5299026425591098,2.5034770514603615,13.073713490959666,3.8942976356050067,0.5563282336578581,1.5299026425591098,13.630041724617524,14.46453407510431,25.45201668984701,3.6161335187760777,0.0,0.0,0.5563282336578581,0.9735744089012517,0.5563282336578581,0.0,1.2517385257301807,0.0,84.97913769123782,0.6954102920723226,0.8344923504867872,0.0,2.2253129346314324,27.653846153846153,4.385257301808067,Facil
