Title,Por_Sinonimos,Por_Abreviaturas,Por_Siglas,Por_verbs,Infinitive_Verbs_number,Gerund_Verbs_number,Participle_Verbs_number,Articles_number,Preposition_number,Noun,Por_Desconocidas,Por_Largas,Por_Superlativos,Por_Adverbios,Por_Simbolos,Mayusuculas_NoSiglas,Por_Inderterminados,Por_numeros,Por_complex,Por_muy_frecuentes,Por_frecuentes,Por_poco_frecuentes,Por_comillas,Por_Homo,Ratio_Palabra_Frases,Ratio_Caracteres_Palabra,Tipo
CitaPreviaSeguridadSocial,3.9893617021276597,1.4184397163120568,1.5070921985815602,15.691489361702128,5.673758865248227,0.1773049645390071,1.7730496453900708,13.386524822695035,13.297872340425531,25.0,7.358156028368795,0.1773049645390071,0.0,0.3546099290780142,0.975177304964539,0.4432624113475177,0.0,1.950354609929078,0.0,81.02836879432624,2.393617021276596,0.26595744680851063,0.0,2.0390070921985815,27.51219512195122,4.590425531914893,Facil
