Title,Por_Sinonimos,Por_Abreviaturas,Por_Siglas,Por_verbs,Infinitive_Verbs_number,Gerund_Verbs_number,Participle_Verbs_number,Articles_number,Preposition_number,Noun,Por_Desconocidas,Por_Largas,Por_Superlativos,Por_Adverbios,Por_Simbolos,Mayusuculas_NoSiglas,Por_Inderterminados,Por_numeros,Por_complex,Por_muy_frecuentes,Por_frecuentes,Por_poco_frecuentes,Por_comillas,Por_Homo,Ratio_Palabra_Frases,Ratio_Caracteres_Palabra,Tipo
CobrarParoTrabajarTempoParcial,5.829228243021347,0.16420361247947454,1.1494252873563218,17.24137931034483,4.433497536945813,1.3957307060755337,1.5599343185550083,13.136288998357964,15.435139573070607,22.249589490968802,2.955665024630542,0.08210180623973727,0.0,0.08210180623973727,1.8883415435139572,0.49261083743842365,0.0,1.2315270935960592,0.0,86.86371100164203,0.08210180623973727,0.3284072249589491,0.0,4.269293924466338,31.23076923076923,4.2151067323481115,Facil
