Title,Por_Sinonimos,Por_Abreviaturas,Por_Siglas,Por_verbs,Infinitive_Verbs_number,Gerund_Verbs_number,Participle_Verbs_number,Articles_number,Preposition_number,Noun,Por_Desconocidas,Por_Largas,Por_Superlativos,Por_Adverbios,Por_Simbolos,Mayusuculas_NoSiglas,Por_Inderterminados,Por_numeros,Por_complex,Por_muy_frecuentes,Por_frecuentes,Por_poco_frecuentes,Por_comillas,Por_Homo,Ratio_Palabra_Frases,Ratio_Caracteres_Palabra,Tipo
CobrarParoPluriempleo,3.4965034965034967,0.40792540792540793,0.2913752913752914,14.685314685314685,2.913752913752914,1.2237762237762237,1.3986013986013985,14.335664335664335,15.734265734265735,21.32867132867133,3.554778554778555,0.11655011655011654,0.0,0.40792540792540793,0.5827505827505828,0.34965034965034963,0.0,2.913752913752914,0.0,87.00466200466201,0.17482517482517482,0.0,0.0,3.7296037296037294,29.586206896551722,4.178904428904429,Facil
