Title,Por_Sinonimos,Por_Abreviaturas,Por_Siglas,Por_verbs,Infinitive_Verbs_number,Gerund_Verbs_number,Participle_Verbs_number,Articles_number,Preposition_number,Noun,Por_Desconocidas,Por_Largas,Por_Superlativos,Por_Adverbios,Por_Simbolos,Mayusuculas_NoSiglas,Por_Inderterminados,Por_numeros,Por_complex,Por_muy_frecuentes,Por_frecuentes,Por_poco_frecuentes,Por_comillas,Por_Homo,Ratio_Palabra_Frases,Ratio_Caracteres_Palabra,Tipo
CobrarParoEnExtranjeroH,3.4582132564841497,1.1527377521613833,1.7291066282420748,10.662824207492795,2.3054755043227666,0.8645533141210374,1.7291066282420748,12.103746397694524,19.30835734870317,29.10662824207493,2.5936599423631126,1.1527377521613833,0.0,0.2881844380403458,2.3054755043227666,1.440922190201729,0.0,0.0,0.0,87.60806916426513,0.2881844380403458,0.0,0.0,3.170028818443804,38.55555555555556,4.720461095100864,Dificil
