Title,Por_Sinonimos,Por_Abreviaturas,Por_Siglas,Por_verbs,Infinitive_Verbs_number,Gerund_Verbs_number,Participle_Verbs_number,Articles_number,Preposition_number,Noun,Por_Desconocidas,Por_Largas,Por_Superlativos,Por_Adverbios,Por_Simbolos,Mayusuculas_NoSiglas,Por_Inderterminados,Por_numeros,Por_complex,Por_muy_frecuentes,Por_frecuentes,Por_poco_frecuentes,Por_comillas,Por_Homo,Ratio_Palabra_Frases,Ratio_Caracteres_Palabra,Tipo
CobrarParoTrasBajaVoluntaria,7.381370826010545,0.6444053895723492,0.70298769771529,14.997070884592853,3.925014645577036,0.1757469244288225,2.2847100175746924,13.532513181019333,15.46572934973638,23.19859402460457,2.050380785002929,0.9958992384299942,0.0,0.46865846514352666,0.9958992384299942,0.351493848857645,0.05858230814294083,0.9373169302870533,0.0,89.16227299355594,0.11716461628588166,0.29291154071470415,0.0,2.050380785002929,34.14,4.489748096074985,Facil
