Title,Por_Sinonimos,Por_Abreviaturas,Por_Siglas,Por_verbs,Infinitive_Verbs_number,Gerund_Verbs_number,Participle_Verbs_number,Articles_number,Preposition_number,Noun,Por_Desconocidas,Por_Largas,Por_Superlativos,Por_Adverbios,Por_Simbolos,Mayusuculas_NoSiglas,Por_Inderterminados,Por_numeros,Por_complex,Por_muy_frecuentes,Por_frecuentes,Por_poco_frecuentes,Por_comillas,Por_Homo,Ratio_Palabra_Frases,Ratio_Caracteres_Palabra,Tipo
CoordinacionServiciosAutonomicosEmpleo,2.770083102493075,0.18467220683287167,1.3850415512465375,14.12742382271468,2.770083102493075,1.10803324099723,2.123730378578024,14.958448753462603,16.528162511542014,24.56140350877193,1.0156971375807942,1.2003693444136658,0.0,0.2770083102493075,1.3850415512465375,0.18467220683287167,0.0,0.0,0.0,89.01200369344414,0.36934441366574333,0.2770083102493075,0.0,2.677746999076639,41.65384615384615,4.701754385964913,Facil
