Title,Por_Sinonimos,Por_Abreviaturas,Por_Siglas,Por_verbs,Infinitive_Verbs_number,Gerund_Verbs_number,Participle_Verbs_number,Articles_number,Preposition_number,Noun,Por_Desconocidas,Por_Largas,Por_Superlativos,Por_Adverbios,Por_Simbolos,Mayusuculas_NoSiglas,Por_Inderterminados,Por_numeros,Por_complex,Por_muy_frecuentes,Por_frecuentes,Por_poco_frecuentes,Por_comillas,Por_Homo,Ratio_Palabra_Frases,Ratio_Caracteres_Palabra,Tipo
DarseBajaParoH,3.601108033240997,1.9390581717451523,1.6620498614958448,11.357340720221607,2.4930747922437675,0.554016620498615,1.10803324099723,13.01939058171745,15.512465373961218,28.25484764542936,5.54016620498615,0.8310249307479224,0.0,0.2770083102493075,1.9390581717451523,1.3850415512465375,0.0,2.4930747922437675,0.0,84.7645429362881,0.2770083102493075,0.2770083102493075,0.0,2.4930747922437675,36.1,4.667590027700831,Dificil
