Title,Por_Sinonimos,Por_Abreviaturas,Por_Siglas,Por_verbs,Infinitive_Verbs_number,Gerund_Verbs_number,Participle_Verbs_number,Articles_number,Preposition_number,Noun,Por_Desconocidas,Por_Largas,Por_Superlativos,Por_Adverbios,Por_Simbolos,Mayusuculas_NoSiglas,Por_Inderterminados,Por_numeros,Por_complex,Por_muy_frecuentes,Por_frecuentes,Por_poco_frecuentes,Por_comillas,Por_Homo,Ratio_Palabra_Frases,Ratio_Caracteres_Palabra,Tipo
DarseDeAltaAutonomo,3.8929440389294405,0.8110300081103001,1.6220600162206003,12.814274128142742,4.13625304136253,0.8921330089213301,1.1354420113544201,12.570965125709652,16.38280616382806,23.276561232765612,2.59529602595296,0.9732360097323601,0.0,0.24330900243309003,2.18978102189781,0.24330900243309003,0.08110300081103,1.5409570154095702,0.0,85.64476885644768,0.9732360097323601,0.7299270072992701,0.0,2.4330900243309004,28.674418604651162,4.709651257096513,Facil
