Title,Por_Sinonimos,Por_Abreviaturas,Por_Siglas,Por_verbs,Infinitive_Verbs_number,Gerund_Verbs_number,Participle_Verbs_number,Articles_number,Preposition_number,Noun,Por_Desconocidas,Por_Largas,Por_Superlativos,Por_Adverbios,Por_Simbolos,Mayusuculas_NoSiglas,Por_Inderterminados,Por_numeros,Por_complex,Por_muy_frecuentes,Por_frecuentes,Por_poco_frecuentes,Por_comillas,Por_Homo,Ratio_Palabra_Frases,Ratio_Caracteres_Palabra,Tipo
DeclaracionDeLaRentaWeb,1.7982017982017982,0.5994005994005994,1.898101898101898,15.184815184815184,4.495504495504496,0.4995004995004995,1.6983016983016983,12.987012987012987,14.285714285714286,23.676323676323676,5.894105894105894,1.1988011988011988,0.0,0.3996003996003996,1.1988011988011988,0.0,0.0,1.098901098901099,0.0,82.81718281718281,0.8991008991008991,0.5994005994005994,0.0,2.997002997002997,29.441176470588236,4.544455544455545,Facil
