Title,Por_Sinonimos,Por_Abreviaturas,Por_Siglas,Por_verbs,Infinitive_Verbs_number,Gerund_Verbs_number,Participle_Verbs_number,Articles_number,Preposition_number,Noun,Por_Desconocidas,Por_Largas,Por_Superlativos,Por_Adverbios,Por_Simbolos,Mayusuculas_NoSiglas,Por_Inderterminados,Por_numeros,Por_complex,Por_muy_frecuentes,Por_frecuentes,Por_poco_frecuentes,Por_comillas,Por_Homo,Ratio_Palabra_Frases,Ratio_Caracteres_Palabra,Tipo
DerechoAbogadoOficio,5.299860529986053,0.9065550906555091,0.6276150627615062,15.829846582984658,4.463040446304045,0.5578800557880056,2.580195258019526,14.783821478382148,15.620641562064156,24.546722454672246,1.6736401673640167,0.41841004184100417,0.0,0.6276150627615062,1.0460251046025104,0.0697350069735007,0.0,0.6276150627615062,0.0,89.05160390516039,0.1394700139470014,0.1394700139470014,0.0,2.161785216178522,29.26530612244898,4.50697350069735,Facil
