Title,Por_Sinonimos,Por_Abreviaturas,Por_Siglas,Por_verbs,Infinitive_Verbs_number,Gerund_Verbs_number,Participle_Verbs_number,Articles_number,Preposition_number,Noun,Por_Desconocidas,Por_Largas,Por_Superlativos,Por_Adverbios,Por_Simbolos,Mayusuculas_NoSiglas,Por_Inderterminados,Por_numeros,Por_complex,Por_muy_frecuentes,Por_frecuentes,Por_poco_frecuentes,Por_comillas,Por_Homo,Ratio_Palabra_Frases,Ratio_Caracteres_Palabra,Tipo
DocumentacionPedirParoH,3.3734939759036147,1.6867469879518073,1.4457831325301205,12.048192771084338,3.3734939759036147,0.24096385542168675,1.927710843373494,9.156626506024097,20.481927710843372,31.325301204819276,3.3734939759036147,0.963855421686747,0.0,0.24096385542168675,2.1686746987951806,0.4819277108433735,0.0,0.24096385542168675,0.0,86.98795180722891,0.0,1.2048192771084338,0.0,1.927710843373494,34.583333333333336,4.96144578313253,Dificil
