Title,Por_Sinonimos,Por_Abreviaturas,Por_Siglas,Por_verbs,Infinitive_Verbs_number,Gerund_Verbs_number,Participle_Verbs_number,Articles_number,Preposition_number,Noun,Por_Desconocidas,Por_Largas,Por_Superlativos,Por_Adverbios,Por_Simbolos,Mayusuculas_NoSiglas,Por_Inderterminados,Por_numeros,Por_complex,Por_muy_frecuentes,Por_frecuentes,Por_poco_frecuentes,Por_comillas,Por_Homo,Ratio_Palabra_Frases,Ratio_Caracteres_Palabra,Tipo
DocumentosSolicitarSubsidioDesempleo,3.345724907063197,1.1152416356877324,3.2527881040892193,11.059479553903346,3.4386617100371746,0.37174721189591076,1.20817843866171,10.87360594795539,17.75092936802974,30.111524163568774,2.509293680297398,0.6505576208178439,0.0,0.0,4.739776951672862,2.7881040892193307,0.0,1.486988847583643,0.0,85.78066914498142,0.2788104089219331,0.4646840148698885,0.0,1.9516728624535316,39.851851851851855,4.526022304832714,Facil
