Title,Por_Sinonimos,Por_Abreviaturas,Por_Siglas,Por_verbs,Infinitive_Verbs_number,Gerund_Verbs_number,Participle_Verbs_number,Articles_number,Preposition_number,Noun,Por_Desconocidas,Por_Largas,Por_Superlativos,Por_Adverbios,Por_Simbolos,Mayusuculas_NoSiglas,Por_Inderterminados,Por_numeros,Por_complex,Por_muy_frecuentes,Por_frecuentes,Por_poco_frecuentes,Por_comillas,Por_Homo,Ratio_Palabra_Frases,Ratio_Caracteres_Palabra,Tipo
EREFacil,3.3575317604355717,1.4519056261343013,2.3593466424682394,10.072595281306715,1.8148820326678765,0.4537205081669691,1.3611615245009074,13.611615245009075,17.05989110707804,27.04174228675136,2.268602540834846,0.6352087114337568,0.0,0.6352087114337568,2.087114337568058,0.18148820326678766,0.0,1.0889292196007259,0.0,85.48094373865699,1.7241379310344827,0.09074410163339383,0.0,2.9945553539019962,25.627906976744185,4.671506352087114,Facil
