Title,Por_Sinonimos,Por_Abreviaturas,Por_Siglas,Por_verbs,Infinitive_Verbs_number,Gerund_Verbs_number,Participle_Verbs_number,Articles_number,Preposition_number,Noun,Por_Desconocidas,Por_Largas,Por_Superlativos,Por_Adverbios,Por_Simbolos,Mayusuculas_NoSiglas,Por_Inderterminados,Por_numeros,Por_complex,Por_muy_frecuentes,Por_frecuentes,Por_poco_frecuentes,Por_comillas,Por_Homo,Ratio_Palabra_Frases,Ratio_Caracteres_Palabra,Tipo
EREH,1.2658227848101267,2.320675105485232,5.485232067510548,11.603375527426161,2.742616033755274,0.4219409282700422,1.0548523206751055,12.658227848101266,15.189873417721518,25.949367088607595,8.860759493670885,0.0,0.0,0.2109704641350211,0.6329113924050633,0.6329113924050633,0.0,0.2109704641350211,0.0,78.05907172995781,2.109704641350211,3.1645569620253164,0.0,1.0548523206751055,19.75,4.1455696202531644,Dificil
