Title,Por_Sinonimos,Por_Abreviaturas,Por_Siglas,Por_verbs,Infinitive_Verbs_number,Gerund_Verbs_number,Participle_Verbs_number,Articles_number,Preposition_number,Noun,Por_Desconocidas,Por_Largas,Por_Superlativos,Por_Adverbios,Por_Simbolos,Mayusuculas_NoSiglas,Por_Inderterminados,Por_numeros,Por_complex,Por_muy_frecuentes,Por_frecuentes,Por_poco_frecuentes,Por_comillas,Por_Homo,Ratio_Palabra_Frases,Ratio_Caracteres_Palabra,Tipo
InstalarActivarDNIElectronicoH,2.1208907741251326,2.1208907741251326,5.302226935312832,11.240721102863203,3.605514316012725,0.21208907741251326,1.5906680805938493,11.134676564156946,12.089077412513255,27.889713679745494,10.604453870625663,1.1664899257688228,0.0,0.7423117709437964,3.0752916224814424,1.5906680805938493,0.0,1.9088016967126193,0.0,72.8525980911983,1.8027571580063626,2.863202545068929,0.0,1.2725344644750796,30.419354838709676,4.658536585365853,Dificil
