Title,Por_Sinonimos,Por_Abreviaturas,Por_Siglas,Por_verbs,Infinitive_Verbs_number,Gerund_Verbs_number,Participle_Verbs_number,Articles_number,Preposition_number,Noun,Por_Desconocidas,Por_Largas,Por_Superlativos,Por_Adverbios,Por_Simbolos,Mayusuculas_NoSiglas,Por_Inderterminados,Por_numeros,Por_complex,Por_muy_frecuentes,Por_frecuentes,Por_poco_frecuentes,Por_comillas,Por_Homo,Ratio_Palabra_Frases,Ratio_Caracteres_Palabra,Tipo
InstalarActivarDNIElectronico,3.943661971830986,0.2112676056338028,3.380281690140845,16.12676056338028,4.577464788732394,0.49295774647887325,2.183098591549296,14.577464788732394,15.070422535211268,22.464788732394368,4.436619718309859,0.6338028169014085,0.0,0.4225352112676056,0.14084507042253522,0.49295774647887325,0.07042253521126761,0.704225352112676,0.0,86.61971830985915,0.5633802816901409,0.28169014084507044,0.0,2.676056338028169,25.818181818181817,4.545774647887324,Facil
