Title,Por_Sinonimos,Por_Abreviaturas,Por_Siglas,Por_verbs,Infinitive_Verbs_number,Gerund_Verbs_number,Participle_Verbs_number,Articles_number,Preposition_number,Noun,Por_Desconocidas,Por_Largas,Por_Superlativos,Por_Adverbios,Por_Simbolos,Mayusuculas_NoSiglas,Por_Inderterminados,Por_numeros,Por_complex,Por_muy_frecuentes,Por_frecuentes,Por_poco_frecuentes,Por_comillas,Por_Homo,Ratio_Palabra_Frases,Ratio_Caracteres_Palabra,Tipo
NuevaAyudaDesempleados,4.361370716510903,0.778816199376947,2.803738317757009,10.43613707165109,1.4018691588785046,0.0,2.1806853582554515,12.305295950155763,16.822429906542055,24.299065420560748,3.8940809968847354,2.336448598130841,0.0,0.6230529595015576,3.7383177570093458,0.778816199376947,0.0,3.2710280373831777,0.0,83.64485981308411,1.0903426791277258,0.3115264797507788,0.0,1.8691588785046729,37.76470588235294,4.56386292834891,Facil
