Title,Por_Sinonimos,Por_Abreviaturas,Por_Siglas,Por_verbs,Infinitive_Verbs_number,Gerund_Verbs_number,Participle_Verbs_number,Articles_number,Preposition_number,Noun,Por_Desconocidas,Por_Largas,Por_Superlativos,Por_Adverbios,Por_Simbolos,Mayusuculas_NoSiglas,Por_Inderterminados,Por_numeros,Por_complex,Por_muy_frecuentes,Por_frecuentes,Por_poco_frecuentes,Por_comillas,Por_Homo,Ratio_Palabra_Frases,Ratio_Caracteres_Palabra,Tipo
OficinaVirtualEmpleoFacil,4.353562005277045,0.9234828496042217,2.638522427440633,10.026385224274406,3.5620052770448547,0.0,1.3192612137203166,10.949868073878628,16.094986807387862,33.64116094986807,2.638522427440633,0.13192612137203166,0.0,0.0,3.6939313984168867,3.5620052770448547,0.0,1.187335092348285,0.0,82.58575197889182,0.13192612137203166,1.0554089709762533,0.0,2.1108179419525066,17.227272727272727,4.5488126649076515,Facil
