Title,Por_Sinonimos,Por_Abreviaturas,Por_Siglas,Por_verbs,Infinitive_Verbs_number,Gerund_Verbs_number,Participle_Verbs_number,Articles_number,Preposition_number,Noun,Por_Desconocidas,Por_Largas,Por_Superlativos,Por_Adverbios,Por_Simbolos,Mayusuculas_NoSiglas,Por_Inderterminados,Por_numeros,Por_complex,Por_muy_frecuentes,Por_frecuentes,Por_poco_frecuentes,Por_comillas,Por_Homo,Ratio_Palabra_Frases,Ratio_Caracteres_Palabra,Tipo
PagarMultasTrafico,4.319371727748691,1.1780104712041886,1.4397905759162304,13.089005235602095,4.057591623036649,0.2617801047120419,1.0471204188481675,13.612565445026178,17.93193717277487,26.047120418848166,3.926701570680628,0.7853403141361257,0.0,0.5235602094240838,0.39267015706806285,0.6544502617801047,0.0,1.0471204188481675,0.0,88.48167539267016,0.6544502617801047,0.2617801047120419,0.0,2.486910994764398,25.466666666666665,4.399214659685864,Facil
