Title,Por_Sinonimos,Por_Abreviaturas,Por_Siglas,Por_verbs,Infinitive_Verbs_number,Gerund_Verbs_number,Participle_Verbs_number,Articles_number,Preposition_number,Noun,Por_Desconocidas,Por_Largas,Por_Superlativos,Por_Adverbios,Por_Simbolos,Mayusuculas_NoSiglas,Por_Inderterminados,Por_numeros,Por_complex,Por_muy_frecuentes,Por_frecuentes,Por_poco_frecuentes,Por_comillas,Por_Homo,Ratio_Palabra_Frases,Ratio_Caracteres_Palabra,Tipo
PagoUnicoH,5.470459518599562,2.4070021881838075,0.2188183807439825,12.035010940919037,3.50109409190372,1.312910284463895,1.75054704595186,14.00437636761488,18.818380743982495,25.164113785557987,1.0940919037199124,0.87527352297593,0.0,0.437636761487965,0.0,0.6564551422319475,0.0,0.2188183807439825,0.0,92.12253829321664,0.2188183807439825,0.437636761487965,0.0,3.063457330415755,41.54545454545455,4.99781181619256,Dificil
