Title,Por_Sinonimos,Por_Abreviaturas,Por_Siglas,Por_verbs,Infinitive_Verbs_number,Gerund_Verbs_number,Participle_Verbs_number,Articles_number,Preposition_number,Noun,Por_Desconocidas,Por_Largas,Por_Superlativos,Por_Adverbios,Por_Simbolos,Mayusuculas_NoSiglas,Por_Inderterminados,Por_numeros,Por_complex,Por_muy_frecuentes,Por_frecuentes,Por_poco_frecuentes,Por_comillas,Por_Homo,Ratio_Palabra_Frases,Ratio_Caracteres_Palabra,Tipo
ParoPrimeraVez,2.8242677824267783,0.8368200836820083,2.928870292887029,13.702928870292887,3.6610878661087867,0.0,1.1506276150627615,14.01673640167364,14.853556485355648,24.89539748953975,1.3598326359832635,0.20920502092050208,0.0,0.3138075313807531,3.5564853556485354,0.10460251046025104,0.20920502092050208,0.20920502092050208,0.0,85.66945606694561,0.10460251046025104,1.4644351464435146,0.0,2.928870292887029,25.83783783783784,4.2322175732217575,Facil
