Title,Por_Sinonimos,Por_Abreviaturas,Por_Siglas,Por_verbs,Infinitive_Verbs_number,Gerund_Verbs_number,Participle_Verbs_number,Articles_number,Preposition_number,Noun,Por_Desconocidas,Por_Largas,Por_Superlativos,Por_Adverbios,Por_Simbolos,Mayusuculas_NoSiglas,Por_Inderterminados,Por_numeros,Por_complex,Por_muy_frecuentes,Por_frecuentes,Por_poco_frecuentes,Por_comillas,Por_Homo,Ratio_Palabra_Frases,Ratio_Caracteres_Palabra,Tipo
PedirTarjetaParo,4.769736842105263,1.2335526315789473,1.3157894736842106,13.898026315789474,6.167763157894737,0.32894736842105265,0.6578947368421053,12.5,15.789473684210526,26.973684210526315,1.8092105263157894,0.41118421052631576,0.0,0.6578947368421053,1.9736842105263157,0.0,0.0,0.16447368421052633,0.0,87.66447368421052,0.16447368421052633,0.9046052631578947,0.0,1.9736842105263157,31.17948717948718,4.4506578947368425,Facil
