Title,Por_Sinonimos,Por_Abreviaturas,Por_Siglas,Por_verbs,Infinitive_Verbs_number,Gerund_Verbs_number,Participle_Verbs_number,Articles_number,Preposition_number,Noun,Por_Desconocidas,Por_Largas,Por_Superlativos,Por_Adverbios,Por_Simbolos,Mayusuculas_NoSiglas,Por_Inderterminados,Por_numeros,Por_complex,Por_muy_frecuentes,Por_frecuentes,Por_poco_frecuentes,Por_comillas,Por_Homo,Ratio_Palabra_Frases,Ratio_Caracteres_Palabra,Tipo
PrestacionDesempleoH,4.006968641114983,1.7421602787456445,1.5679442508710801,14.111498257839722,3.484320557491289,0.34843205574912894,3.832752613240418,11.846689895470384,18.29268292682927,27.177700348432055,0.6968641114982579,0.5226480836236934,0.0,0.34843205574912894,0.6968641114982579,0.5226480836236934,0.0,0.6968641114982579,0.0,90.06968641114983,0.17421602787456447,0.5226480836236934,0.0,3.484320557491289,26.09090909090909,4.7926829268292686,Dificil
