Title,Por_Sinonimos,Por_Abreviaturas,Por_Siglas,Por_verbs,Infinitive_Verbs_number,Gerund_Verbs_number,Participle_Verbs_number,Articles_number,Preposition_number,Noun,Por_Desconocidas,Por_Largas,Por_Superlativos,Por_Adverbios,Por_Simbolos,Mayusuculas_NoSiglas,Por_Inderterminados,Por_numeros,Por_complex,Por_muy_frecuentes,Por_frecuentes,Por_poco_frecuentes,Por_comillas,Por_Homo,Ratio_Palabra_Frases,Ratio_Caracteres_Palabra,Tipo
PrestaciónMaternidadFacil,4.513217279174726,0.9671179883945842,0.7092198581560284,12.83043197936815,3.417150225660864,0.6447453255963894,1.2894906511927788,13.47517730496454,16.37653127014829,23.662153449387493,2.514506769825919,1.0960670535138621,0.0,0.5157962604771116,1.7408123791102514,0.06447453255963895,0.0,1.9342359767891684,0.0,87.81431334622825,0.2578981302385558,0.06447453255963895,0.0,1.5473887814313345,34.46666666666667,4.6157317859445515,Facil
