Title,Por_Sinonimos,Por_Abreviaturas,Por_Siglas,Por_verbs,Infinitive_Verbs_number,Gerund_Verbs_number,Participle_Verbs_number,Articles_number,Preposition_number,Noun,Por_Desconocidas,Por_Largas,Por_Superlativos,Por_Adverbios,Por_Simbolos,Mayusuculas_NoSiglas,Por_Inderterminados,Por_numeros,Por_complex,Por_muy_frecuentes,Por_frecuentes,Por_poco_frecuentes,Por_comillas,Por_Homo,Ratio_Palabra_Frases,Ratio_Caracteres_Palabra,Tipo
PrestacionDesempleoEREExtincionH,5.815831987075929,2.10016155088853,1.938610662358643,12.60096930533118,3.5541195476575123,0.32310177705977383,3.392568659127625,12.116316639741518,17.447495961227787,25.363489499192244,0.8077544426494345,1.2924071082390953,0.0,0.32310177705977383,0.8077544426494345,0.6462035541195477,0.0,0.8077544426494345,0.0,87.23747980613894,0.32310177705977383,0.8077544426494345,0.0,3.5541195476575123,34.388888888888886,4.75767366720517,Dificil
