Title,Por_Sinonimos,Por_Abreviaturas,Por_Siglas,Por_verbs,Infinitive_Verbs_number,Gerund_Verbs_number,Participle_Verbs_number,Articles_number,Preposition_number,Noun,Por_Desconocidas,Por_Largas,Por_Superlativos,Por_Adverbios,Por_Simbolos,Mayusuculas_NoSiglas,Por_Inderterminados,Por_numeros,Por_complex,Por_muy_frecuentes,Por_frecuentes,Por_poco_frecuentes,Por_comillas,Por_Homo,Ratio_Palabra_Frases,Ratio_Caracteres_Palabra,Tipo
PrestacionCeseActividadAutonomoH,5.316973415132924,0.0,1.0224948875255624,6.748466257668712,1.0224948875255624,0.20449897750511248,1.8404907975460123,14.723926380368098,20.245398773006134,29.652351738241308,4.08997955010225,0.40899795501022496,0.0,0.20449897750511248,1.2269938650306749,0.8179959100204499,0.0,2.4539877300613497,0.0,86.50306748466258,0.20449897750511248,0.0,0.0,0.8179959100204499,34.92857142857143,4.869120654396728,Dificil
