Title,Por_Sinonimos,Por_Abreviaturas,Por_Siglas,Por_verbs,Infinitive_Verbs_number,Gerund_Verbs_number,Participle_Verbs_number,Articles_number,Preposition_number,Noun,Por_Desconocidas,Por_Largas,Por_Superlativos,Por_Adverbios,Por_Simbolos,Mayusuculas_NoSiglas,Por_Inderterminados,Por_numeros,Por_complex,Por_muy_frecuentes,Por_frecuentes,Por_poco_frecuentes,Por_comillas,Por_Homo,Ratio_Palabra_Frases,Ratio_Caracteres_Palabra,Tipo
ReferenciaCatastralInmuebleH,5.9371362048894065,2.561117578579744,0.46565774155995343,11.40861466821886,1.979045401629802,0.11641443538998836,3.3760186263096625,13.038416763678697,17.11292200232829,24.330616996507565,3.7252619324796274,2.3282887077997674,0.0,0.5820721769499418,0.46565774155995343,0.0,0.0,0.3492433061699651,0.0,86.72875436554132,0.8149010477299186,0.3492433061699651,0.0,2.7939464493597206,26.84375,5.175785797438882,Dificil
