Title,Por_Sinonimos,Por_Abreviaturas,Por_Siglas,Por_verbs,Infinitive_Verbs_number,Gerund_Verbs_number,Participle_Verbs_number,Articles_number,Preposition_number,Noun,Por_Desconocidas,Por_Largas,Por_Superlativos,Por_Adverbios,Por_Simbolos,Mayusuculas_NoSiglas,Por_Inderterminados,Por_numeros,Por_complex,Por_muy_frecuentes,Por_frecuentes,Por_poco_frecuentes,Por_comillas,Por_Homo,Ratio_Palabra_Frases,Ratio_Caracteres_Palabra,Tipo
RentaMinimaDeInsercionFacil,4.23572744014733,0.5524861878453039,0.7366482504604052,10.497237569060774,2.578268876611418,0.1841620626151013,1.1049723756906078,11.602209944751381,14.180478821362799,32.96500920810313,4.972375690607735,0.1841620626151013,0.0,0.1841620626151013,1.8416206261510129,0.0,0.0,0.7366482504604052,0.0,85.6353591160221,0.1841620626151013,0.5524861878453039,0.0,0.5524861878453039,31.941176470588236,4.887661141804788,Facil
