Title,Por_Sinonimos,Por_Abreviaturas,Por_Siglas,Por_verbs,Infinitive_Verbs_number,Gerund_Verbs_number,Participle_Verbs_number,Articles_number,Preposition_number,Noun,Por_Desconocidas,Por_Largas,Por_Superlativos,Por_Adverbios,Por_Simbolos,Mayusuculas_NoSiglas,Por_Inderterminados,Por_numeros,Por_complex,Por_muy_frecuentes,Por_frecuentes,Por_poco_frecuentes,Por_comillas,Por_Homo,Ratio_Palabra_Frases,Ratio_Caracteres_Palabra,Tipo
RetornoVoluntarioH,6.0844667143879745,2.290622763063708,0.4294917680744452,8.876163206871869,2.3622047244094486,0.2147458840372226,2.290622763063708,10.307802433786685,19.613457408732998,27.415891195418755,4.294917680744453,2.5053686471009304,0.0,0.35790980672870437,1.0737294201861132,1.0021474588403723,0.0,1.8611309949892627,0.0,85.89835361488905,0.4294917680744452,0.35790980672870437,0.0,1.8611309949892627,36.76315789473684,5.171080887616321,Dificil
