Title,Por_Sinonimos,Por_Abreviaturas,Por_Siglas,Por_verbs,Infinitive_Verbs_number,Gerund_Verbs_number,Participle_Verbs_number,Articles_number,Preposition_number,Noun,Por_Desconocidas,Por_Largas,Por_Superlativos,Por_Adverbios,Por_Simbolos,Mayusuculas_NoSiglas,Por_Inderterminados,Por_numeros,Por_complex,Por_muy_frecuentes,Por_frecuentes,Por_poco_frecuentes,Por_comillas,Por_Homo,Ratio_Palabra_Frases,Ratio_Caracteres_Palabra,Tipo
SolicitarBorradorDeclaracionRentaH,2.720348204570185,1.9586507072905333,3.9173014145810665,13.81936887921654,4.461371055495103,0.3264417845484222,1.632208922742111,12.078346028291621,15.12513601741023,26.115342763873777,5.8759521218716,1.088139281828074,0.0,0.544069640914037,1.9586507072905333,0.6528835690968444,0.0,1.088139281828074,0.0,82.3721436343852,0.9793253536452666,0.4352557127312296,0.0,1.632208922742111,27.848484848484848,4.704026115342764,Dificil
