Title,Por_Sinonimos,Por_Abreviaturas,Por_Siglas,Por_verbs,Infinitive_Verbs_number,Gerund_Verbs_number,Participle_Verbs_number,Articles_number,Preposition_number,Noun,Por_Desconocidas,Por_Largas,Por_Superlativos,Por_Adverbios,Por_Simbolos,Mayusuculas_NoSiglas,Por_Inderterminados,Por_numeros,Por_complex,Por_muy_frecuentes,Por_frecuentes,Por_poco_frecuentes,Por_comillas,Por_Homo,Ratio_Palabra_Frases,Ratio_Caracteres_Palabra,Tipo
SolicitarInformeVidaLaboralGeneral,6.070549630844955,0.7383100902379,0.9023789991796555,15.176374077112387,4.1017227235438884,0.4922067268252666,2.132895816242822,13.20754716981132,14.356029532403609,25.34864643150123,3.6915504511894994,0.5742411812961444,0.0,0.7383100902379,0.8203445447087777,0.08203445447087777,0.0,0.9023789991796555,0.0,85.56193601312552,1.2305168170631666,0.41017227235438886,0.0,3.0352748154224773,30.475,4.632485643970468,Facil
