Title,Por_Sinonimos,Por_Abreviaturas,Por_Siglas,Por_verbs,Infinitive_Verbs_number,Gerund_Verbs_number,Participle_Verbs_number,Articles_number,Preposition_number,Noun,Por_Desconocidas,Por_Largas,Por_Superlativos,Por_Adverbios,Por_Simbolos,Mayusuculas_NoSiglas,Por_Inderterminados,Por_numeros,Por_complex,Por_muy_frecuentes,Por_frecuentes,Por_poco_frecuentes,Por_comillas,Por_Homo,Ratio_Palabra_Frases,Ratio_Caracteres_Palabra,Tipo
SubsidioPerdidaPensionIncapacidadPermanente,5.670103092783505,1.2027491408934707,0.6872852233676976,12.371134020618557,3.6082474226804124,0.1718213058419244,3.2646048109965635,9.450171821305842,18.556701030927837,28.1786941580756,3.2646048109965635,0.1718213058419244,0.0,0.3436426116838488,1.8900343642611683,0.0,0.0,1.3745704467353952,0.0,84.02061855670104,0.8591065292096219,0.1718213058419244,0.0,1.8900343642611683,27.714285714285715,4.7285223367697595,Facil
