Title,Por_Sinonimos,Por_Abreviaturas,Por_Siglas,Por_verbs,Infinitive_Verbs_number,Gerund_Verbs_number,Participle_Verbs_number,Articles_number,Preposition_number,Noun,Por_Desconocidas,Por_Largas,Por_Superlativos,Por_Adverbios,Por_Simbolos,Mayusuculas_NoSiglas,Por_Inderterminados,Por_numeros,Por_complex,Por_muy_frecuentes,Por_frecuentes,Por_poco_frecuentes,Por_comillas,Por_Homo,Ratio_Palabra_Frases,Ratio_Caracteres_Palabra,Tipo
TarjetaSanitariaEuropea,5.920114122681883,1.2125534950071326,1.6405135520684737,12.268188302425107,3.4236804564907275,0.21398002853067047,1.4265335235378032,11.768901569186875,13.69472182596291,29.600570613409417,2.710413694721826,0.7132667617689016,0.0,0.7845934379457917,1.4265335235378032,0.21398002853067047,0.0,0.927246790299572,0.0,85.16405135520685,0.7845934379457917,0.28530670470756064,0.0,1.854493580599144,29.829787234042552,4.743223965763195,Facil
