Title,Por_Sinonimos,Por_Abreviaturas,Por_Siglas,Por_verbs,Infinitive_Verbs_number,Gerund_Verbs_number,Participle_Verbs_number,Articles_number,Preposition_number,Noun,Por_Desconocidas,Por_Largas,Por_Superlativos,Por_Adverbios,Por_Simbolos,Mayusuculas_NoSiglas,Por_Inderterminados,Por_numeros,Por_complex,Por_muy_frecuentes,Por_frecuentes,Por_poco_frecuentes,Por_comillas,Por_Homo,Ratio_Palabra_Frases,Ratio_Caracteres_Palabra,Tipo
TramitesExtranjeriaEnEspaña,5.732484076433121,1.4861995753715498,1.2738853503184713,12.951167728237792,3.397027600849257,0.21231422505307856,1.0615711252653928,11.252653927813164,15.711252653927813,27.388535031847134,5.307855626326964,1.2738853503184713,0.0,0.21231422505307856,2.5477707006369426,0.0,0.0,0.21231422505307856,0.0,84.92569002123142,0.6369426751592356,0.6369426751592356,0.0,1.6985138004246285,52.333333333333336,4.974522292993631,Facil
