Title,Por_Sinonimos,Por_Abreviaturas,Por_Siglas,Por_verbs,Infinitive_Verbs_number,Gerund_Verbs_number,Participle_Verbs_number,Determiners_number,Preposition_number,Noun,Por_Desconocidas,Por_Largas,Por_Superlativos,Por_Adverbios,Por_Simbolos,Mayusuculas_NoSiglas,Por_Inderterminados,Por_numeros,Por_complex,Por_muy_frecuentes,Por_frecuentes,Por_poco_frecuentes,Por_comillas,Por_Homo,Ratio_Palabra_Frases,Ratio_Caracteres_Palabra,Comas,puntos,punto_y_coma,N_sentences,Tipo
APPAgenciaTributariaRenta2019,1.5645371577574967,1.694915254237288,0.7822685788787483,10.691003911342895,3.911342894393742,0.1303780964797914,1.5645371577574967,14.341590612777054,14.732724902216427,24.771838331160364,6.779661016949152,3.1290743155149934,0.0,0.0,1.303780964797914,0.1303780964797914,0.0,4.302477183833116,0.0,80.57366362451108,0.2607561929595828,2.0860495436766624,0.0,2.2164276401564535,27.464285714285715,4.7940026075619295,0.8571428571428571,1.0357142857142858,0.0,28,Facil
