Title,Por_Sinonimos,Por_Abreviaturas,Por_Siglas,Por_verbs,Infinitive_Verbs_number,Gerund_Verbs_number,Participle_Verbs_number,Determiners_number,Preposition_number,Noun,Por_Desconocidas,Por_Largas,Por_Superlativos,Por_Adverbios,Por_Simbolos,Mayusuculas_NoSiglas,Por_Inderterminados,Por_numeros,Por_complex,Por_muy_frecuentes,Por_frecuentes,Por_poco_frecuentes,Por_comillas,Por_Homo,Ratio_Palabra_Frases,Ratio_Caracteres_Palabra,Comas,puntos,punto_y_coma,N_sentences,Tipo
AyudasAutonomosParoFacilH,5.019305019305019,0.19305019305019305,0.7722007722007722,7.915057915057915,1.1583011583011582,0.19305019305019305,2.7027027027027026,14.864864864864865,18.33976833976834,27.027027027027028,4.826254826254826,5.598455598455598,0.0,0.3861003861003861,1.1583011583011582,0.0,0.0,1.3513513513513513,0.0,97.10424710424711,0.5791505791505791,0.3861003861003861,0.0,1.1583011583011582,27.045454545454547,5.8938223938223935,1.0909090909090908,0.9545454545454546,0.0,22,Dificil
