Title,Por_Sinonimos,Por_Abreviaturas,Por_Siglas,Por_verbs,Infinitive_Verbs_number,Gerund_Verbs_number,Participle_Verbs_number,Determiners_number,Preposition_number,Noun,Por_Desconocidas,Por_Largas,Por_Superlativos,Por_Adverbios,Por_Simbolos,Mayusuculas_NoSiglas,Por_Inderterminados,Por_numeros,Por_complex,Por_muy_frecuentes,Por_frecuentes,Por_poco_frecuentes,Por_comillas,Por_Homo,Ratio_Palabra_Frases,Ratio_Caracteres_Palabra,Comas,puntos,punto_y_coma,N_sentences,Tipo
AyudaLiberadosPrision,5.5910543130990416,1.038338658146965,0.3993610223642173,15.095846645367413,4.792332268370607,0.3993610223642173,3.753993610223642,13.338658146964857,16.21405750798722,24.52076677316294,1.9968051118210863,1.7571884984025559,0.0,0.1597444089456869,2.635782747603834,0.07987220447284345,0.0,0.8785942492012779,0.0,90.41533546325878,0.1597444089456869,0.7188498402555911,0.0,3.5143769968051117,32.390243902439025,4.7507987220447285,1.2926829268292683,0.9024390243902439,0.0,41,Facil
