Title,Por_Sinonimos,Por_Abreviaturas,Por_Siglas,Por_verbs,Infinitive_Verbs_number,Gerund_Verbs_number,Participle_Verbs_number,Determiners_number,Preposition_number,Noun,Por_Desconocidas,Por_Largas,Por_Superlativos,Por_Adverbios,Por_Simbolos,Mayusuculas_NoSiglas,Por_Inderterminados,Por_numeros,Por_complex,Por_muy_frecuentes,Por_frecuentes,Por_poco_frecuentes,Por_comillas,Por_Homo,Ratio_Palabra_Frases,Ratio_Caracteres_Palabra,Comas,puntos,punto_y_coma,N_sentences,Tipo
AyudasDespuesParoH,1.740506329113924,1.4240506329113924,0.31645569620253167,9.968354430379748,2.2151898734177213,0.15822784810126583,2.3734177215189876,16.455696202531644,17.40506329113924,24.525316455696203,0.9493670886075949,2.0569620253164556,0.0,0.15822784810126583,0.9493670886075949,0.31645569620253167,0.0,0.15822784810126583,0.0,81.64556962025317,0.47468354430379744,1.1075949367088607,0.0,2.689873417721519,23.384615384615383,4.715189873417722,1.1923076923076923,1.0,0.0,26,Dificil
