Title,Por_Sinonimos,Por_Abreviaturas,Por_Siglas,Por_verbs,Infinitive_Verbs_number,Gerund_Verbs_number,Participle_Verbs_number,Determiners_number,Preposition_number,Noun,Por_Desconocidas,Por_Largas,Por_Superlativos,Por_Adverbios,Por_Simbolos,Mayusuculas_NoSiglas,Por_Inderterminados,Por_numeros,Por_complex,Por_muy_frecuentes,Por_frecuentes,Por_poco_frecuentes,Por_comillas,Por_Homo,Ratio_Palabra_Frases,Ratio_Caracteres_Palabra,Comas,puntos,punto_y_coma,N_sentences,Tipo
AyudasDesempleadosMayores45H,1.7077798861480076,1.1385199240986716,0.0,10.62618595825427,1.7077798861480076,0.18975332068311196,3.0360531309297913,16.698292220113853,17.4573055028463,23.529411764705884,1.7077798861480076,1.5180265654648957,0.0,0.18975332068311196,0.7590132827324478,0.18975332068311196,0.0,0.7590132827324478,0.0,91.84060721062619,0.5692599620493358,1.3282732447817838,0.0,2.6565464895635675,23.75,4.7893738140417454,1.0833333333333333,0.8333333333333334,0.0,24,Dificil
