Title,Por_Sinonimos,Por_Abreviaturas,Por_Siglas,Por_verbs,Infinitive_Verbs_number,Gerund_Verbs_number,Participle_Verbs_number,Determiners_number,Preposition_number,Noun,Por_Desconocidas,Por_Largas,Por_Superlativos,Por_Adverbios,Por_Simbolos,Mayusuculas_NoSiglas,Por_Inderterminados,Por_numeros,Por_complex,Por_muy_frecuentes,Por_frecuentes,Por_poco_frecuentes,Por_comillas,Por_Homo,Ratio_Palabra_Frases,Ratio_Caracteres_Palabra,Comas,puntos,punto_y_coma,N_sentences,Tipo
CitaPreviaServicioSanitarioSaludAndaluz,3.1767955801104972,1.6574585635359116,1.5193370165745856,12.98342541436464,4.558011049723757,0.5524861878453039,1.3812154696132597,14.3646408839779,12.430939226519337,21.823204419889503,1.7955801104972375,1.5193370165745856,0.0,0.5524861878453039,0.9668508287292817,0.27624309392265195,0.0,1.1049723756906078,0.0,84.25414364640883,0.13812154696132597,1.5193370165745856,0.0,2.3480662983425415,27.653846153846153,4.470994475138122,1.4230769230769231,0.9615384615384616,0.0,26,Facil
