Title,Por_Sinonimos,Por_Abreviaturas,Por_Siglas,Por_verbs,Infinitive_Verbs_number,Gerund_Verbs_number,Participle_Verbs_number,Determiners_number,Preposition_number,Noun,Por_Desconocidas,Por_Largas,Por_Superlativos,Por_Adverbios,Por_Simbolos,Mayusuculas_NoSiglas,Por_Inderterminados,Por_numeros,Por_complex,Por_muy_frecuentes,Por_frecuentes,Por_poco_frecuentes,Por_comillas,Por_Homo,Ratio_Palabra_Frases,Ratio_Caracteres_Palabra,Comas,puntos,punto_y_coma,N_sentences,Tipo
ConsultarDudasSEPEH,1.1547344110854503,1.3856812933025404,0.4618937644341801,5.080831408775982,1.1547344110854503,0.0,0.9237875288683602,6.928406466512702,22.863741339491916,23.325635103926096,12.933025404157044,1.1547344110854503,0.0,0.0,0.6928406466512702,0.9237875288683602,0.0,5.311778290993072,0.0,74.364896073903,0.6928406466512702,0.4618937644341801,0.0,6.466512702078522,23.05263157894737,4.355658198614319,0.21052631578947367,1.0,0.05263157894736842,19,Dificil
