Title,Por_Sinonimos,Por_Abreviaturas,Por_Siglas,Por_verbs,Infinitive_Verbs_number,Gerund_Verbs_number,Participle_Verbs_number,Determiners_number,Preposition_number,Noun,Por_Desconocidas,Por_Largas,Por_Superlativos,Por_Adverbios,Por_Simbolos,Mayusuculas_NoSiglas,Por_Inderterminados,Por_numeros,Por_complex,Por_muy_frecuentes,Por_frecuentes,Por_poco_frecuentes,Por_comillas,Por_Homo,Ratio_Palabra_Frases,Ratio_Caracteres_Palabra,Comas,puntos,punto_y_coma,N_sentences,Tipo
CoordinacionServiciosAutonomicosEmpleo,4.906771344455349,0.19627085377821393,0.7850834151128557,15.112855740922473,3.336604514229637,1.1776251226692835,1.5701668302257115,16.388616290480865,15.407262021589794,21.982335623159962,0.0,3.7291462217860647,0.0,0.2944062806673209,1.3738959764474976,0.09813542688910697,0.0,0.0,0.0,94.60255152109912,0.19627085377821393,0.49067713444553485,0.0,2.4533856722276743,41.65384615384615,5.09224730127576,2.1538461538461537,0.8461538461538461,0.038461538461538464,26,Facil
