Title,Por_Sinonimos,Por_Abreviaturas,Por_Siglas,Por_verbs,Infinitive_Verbs_number,Gerund_Verbs_number,Participle_Verbs_number,Determiners_number,Preposition_number,Noun,Por_Desconocidas,Por_Largas,Por_Superlativos,Por_Adverbios,Por_Simbolos,Mayusuculas_NoSiglas,Por_Inderterminados,Por_numeros,Por_complex,Por_muy_frecuentes,Por_frecuentes,Por_poco_frecuentes,Por_comillas,Por_Homo,Ratio_Palabra_Frases,Ratio_Caracteres_Palabra,Comas,puntos,punto_y_coma,N_sentences,Tipo
DemandaEmpleoH,3.4188034188034186,1.4245014245014245,0.8547008547008547,13.39031339031339,4.273504273504273,0.5698005698005698,1.7094017094017093,12.820512820512821,15.384615384615385,21.937321937321936,2.849002849002849,1.1396011396011396,0.0,0.2849002849002849,0.0,0.0,0.0,1.1396011396011396,0.0,84.04558404558405,0.2849002849002849,0.2849002849002849,0.0,3.133903133903134,26.846153846153847,4.384615384615385,1.2307692307692308,0.8461538461538461,0.0,13,Dificil
