Title,Por_Sinonimos,Por_Abreviaturas,Por_Siglas,Por_verbs,Infinitive_Verbs_number,Gerund_Verbs_number,Participle_Verbs_number,Determiners_number,Preposition_number,Noun,Por_Desconocidas,Por_Largas,Por_Superlativos,Por_Adverbios,Por_Simbolos,Mayusuculas_NoSiglas,Por_Inderterminados,Por_numeros,Por_complex,Por_muy_frecuentes,Por_frecuentes,Por_poco_frecuentes,Por_comillas,Por_Homo,Ratio_Palabra_Frases,Ratio_Caracteres_Palabra,Comas,puntos,punto_y_coma,N_sentences,Tipo
DemandaEmpleo,3.7037037037037037,1.5151515151515151,0.0,16.161616161616163,5.3872053872053876,0.3367003367003367,2.0202020202020203,11.616161616161616,15.31986531986532,26.936026936026938,0.16835016835016836,2.1885521885521886,0.0,0.6734006734006734,1.0101010101010102,0.0,0.16835016835016836,0.0,0.0,86.53198653198653,0.16835016835016836,0.0,0.0,2.525252525252525,25.869565217391305,4.752525252525253,1.391304347826087,0.8695652173913043,0.043478260869565216,23,Facil
