Title,Por_Sinonimos,Por_Abreviaturas,Por_Siglas,Por_verbs,Infinitive_Verbs_number,Gerund_Verbs_number,Participle_Verbs_number,Determiners_number,Preposition_number,Noun,Por_Desconocidas,Por_Largas,Por_Superlativos,Por_Adverbios,Por_Simbolos,Mayusuculas_NoSiglas,Por_Inderterminados,Por_numeros,Por_complex,Por_muy_frecuentes,Por_frecuentes,Por_poco_frecuentes,Por_comillas,Por_Homo,Ratio_Palabra_Frases,Ratio_Caracteres_Palabra,Comas,puntos,punto_y_coma,N_sentences,Tipo
DNIElectronicoFacil,2.5176233635448138,0.9063444108761329,1.5105740181268883,16.61631419939577,5.639476334340383,0.7049345417925479,1.8126888217522659,15.508559919436053,12.58811681772407,19.335347432024168,2.719033232628399,2.1148036253776437,0.0,0.6042296072507553,2.1148036253776437,0.3021148036253776,0.0,0.3021148036253776,0.0,85.90130916414904,0.10070493454179255,0.5035246727089627,0.0,1.4098690835850958,26.102564102564102,4.7009063444108765,1.1794871794871795,0.8205128205128205,0.07692307692307693,39,Facil
