Title,Por_Sinonimos,Por_Abreviaturas,Por_Siglas,Por_verbs,Infinitive_Verbs_number,Gerund_Verbs_number,Participle_Verbs_number,Determiners_number,Preposition_number,Noun,Por_Desconocidas,Por_Largas,Por_Superlativos,Por_Adverbios,Por_Simbolos,Mayusuculas_NoSiglas,Por_Inderterminados,Por_numeros,Por_complex,Por_muy_frecuentes,Por_frecuentes,Por_poco_frecuentes,Por_comillas,Por_Homo,Ratio_Palabra_Frases,Ratio_Caracteres_Palabra,Comas,puntos,punto_y_coma,N_sentences,Tipo
DocumentosSolicitarSubsidioDesempleo,2.868447082096934,1.1869436201780414,0.6923837784371909,10.880316518298715,3.1651829871414443,0.29673590504451036,1.2858555885262117,13.550939663699308,17.408506429277942,26.904055390702275,1.6815034619188922,1.9782393669634026,0.0,0.0,4.648862512363996,1.4836795252225519,0.0,0.7912957467853611,0.0,90.99901088031652,0.39564787339268054,0.6923837784371909,0.0,2.1760633036597428,39.851851851851855,4.7675568743818,1.2592592592592593,0.8888888888888888,0.0,27,Facil
