Title,Por_Sinonimos,Por_Abreviaturas,Por_Siglas,Por_verbs,Infinitive_Verbs_number,Gerund_Verbs_number,Participle_Verbs_number,Determiners_number,Preposition_number,Noun,Por_Desconocidas,Por_Largas,Por_Superlativos,Por_Adverbios,Por_Simbolos,Mayusuculas_NoSiglas,Por_Inderterminados,Por_numeros,Por_complex,Por_muy_frecuentes,Por_frecuentes,Por_poco_frecuentes,Por_comillas,Por_Homo,Ratio_Palabra_Frases,Ratio_Caracteres_Palabra,Comas,puntos,punto_y_coma,N_sentences,Tipo
EREH,4.056795131845842,2.231237322515213,4.259634888438134,13.184584178498985,3.2454361054766734,0.4056795131845842,1.0141987829614605,13.387423935091277,13.995943204868155,22.920892494929006,2.636916835699797,0.6085192697768763,0.0,0.2028397565922921,0.4056795131845842,0.2028397565922921,0.0,0.0,0.0,74.64503042596348,1.8255578093306288,3.6511156186612577,0.0,1.2170385395537526,19.75,4.0344827586206895,0.375,0.041666666666666664,0.041666666666666664,24,Dificil
