Title,Por_Sinonimos,Por_Abreviaturas,Por_Siglas,Por_verbs,Infinitive_Verbs_number,Gerund_Verbs_number,Participle_Verbs_number,Determiners_number,Preposition_number,Noun,Por_Desconocidas,Por_Largas,Por_Superlativos,Por_Adverbios,Por_Simbolos,Mayusuculas_NoSiglas,Por_Inderterminados,Por_numeros,Por_complex,Por_muy_frecuentes,Por_frecuentes,Por_poco_frecuentes,Por_comillas,Por_Homo,Ratio_Palabra_Frases,Ratio_Caracteres_Palabra,Comas,puntos,punto_y_coma,N_sentences,Tipo
GUIA_EN_PLENA_FORMA,6.588735387885229,0.3188097768331562,0.0,14.240170031880977,6.801275239107333,0.21253985122210414,0.4250797024442083,9.458023379383635,9.883103081827842,24.65462274176408,8.926673751328375,3.7194473963868226,0.0,0.0,0.5313496280552603,1.5940488841657812,0.0,5.526036131774708,0.0,107.7577045696068,0.21253985122210414,2.975557917109458,0.0,3.7194473963868226,24.2,5.2242295430393195,0.45454545454545453,0.8181818181818182,0.0,55,Facil
