Title,Por_Sinonimos,Por_Abreviaturas,Por_Siglas,Por_verbs,Infinitive_Verbs_number,Gerund_Verbs_number,Participle_Verbs_number,Determiners_number,Preposition_number,Noun,Por_Desconocidas,Por_Largas,Por_Superlativos,Por_Adverbios,Por_Simbolos,Mayusuculas_NoSiglas,Por_Inderterminados,Por_numeros,Por_complex,Por_muy_frecuentes,Por_frecuentes,Por_poco_frecuentes,Por_comillas,Por_Homo,Ratio_Palabra_Frases,Ratio_Caracteres_Palabra,Comas,puntos,punto_y_coma,N_sentences,Tipo
Guía_del_amor_Romántico,3.5164835164835164,0.5128205128205128,0.07326007326007326,18.681318681318682,4.981684981684982,0.0,0.43956043956043955,9.963369963369964,9.67032967032967,15.311355311355312,3.8827838827838828,1.1721611721611722,0.0,0.07326007326007326,0.0,0.21978021978021978,0.14652014652014653,3.36996336996337,0.0,80.36630036630036,0.43956043956043955,0.5128205128205128,0.0,6.007326007326007,15.122222222222222,4.268864468864469,0.4222222222222222,0.8777777777777778,0.0,90,Facil
