Title,Por_Sinonimos,Por_Abreviaturas,Por_Siglas,Por_verbs,Infinitive_Verbs_number,Gerund_Verbs_number,Participle_Verbs_number,Determiners_number,Preposition_number,Noun,Por_Desconocidas,Por_Largas,Por_Superlativos,Por_Adverbios,Por_Simbolos,Mayusuculas_NoSiglas,Por_Inderterminados,Por_numeros,Por_complex,Por_muy_frecuentes,Por_frecuentes,Por_poco_frecuentes,Por_comillas,Por_Homo,Ratio_Palabra_Frases,Ratio_Caracteres_Palabra,Comas,puntos,punto_y_coma,N_sentences,Tipo
IMEX_GUÍA_DE_RECURSOS,7.095215079748671,0.8313194780086999,0.12566457225712904,6.727887868535524,1.4403093281778636,0.2996616723054616,1.4886418559690673,11.619139681005317,14.72208796520058,26.428226196230064,8.835186080231995,7.433542774287095,0.0,0.15466408893185113,2.4649589173513773,1.0343160947317545,0.0,4.146930884485259,0.0,87.46254229096182,0.4639922667955534,2.5906234896085065,0.0,1.94296761720638,21.388111888111887,5.843209279845336,0.7604895104895105,0.9055944055944056,0.0017482517482517483,572,Dificil
