Title,Por_Sinonimos,Por_Abreviaturas,Por_Siglas,Por_verbs,Infinitive_Verbs_number,Gerund_Verbs_number,Participle_Verbs_number,Determiners_number,Preposition_number,Noun,Por_Desconocidas,Por_Largas,Por_Superlativos,Por_Adverbios,Por_Simbolos,Mayusuculas_NoSiglas,Por_Inderterminados,Por_numeros,Por_complex,Por_muy_frecuentes,Por_frecuentes,Por_poco_frecuentes,Por_comillas,Por_Homo,Ratio_Palabra_Frases,Ratio_Caracteres_Palabra,Comas,puntos,punto_y_coma,N_sentences,Tipo
InstalarActivarDNIElectronicoH,2.1367521367521367,2.02991452991453,3.7393162393162394,10.576923076923077,3.952991452991453,0.21367521367521367,1.6025641025641026,12.606837606837606,11.324786324786325,26.068376068376068,6.730769230769231,2.9914529914529915,0.0,0.7478632478632479,3.4188034188034186,2.3504273504273505,0.0,1.2820512820512822,0.0,72.86324786324786,0.6410256410256411,4.594017094017094,0.42735042735042733,1.7094017094017093,30.419354838709676,4.798076923076923,1.032258064516129,1.0,0.03225806451612903,31,Dificil
