Title,Por_Sinonimos,Por_Abreviaturas,Por_Siglas,Por_verbs,Infinitive_Verbs_number,Gerund_Verbs_number,Participle_Verbs_number,Determiners_number,Preposition_number,Noun,Por_Desconocidas,Por_Largas,Por_Superlativos,Por_Adverbios,Por_Simbolos,Mayusuculas_NoSiglas,Por_Inderterminados,Por_numeros,Por_complex,Por_muy_frecuentes,Por_frecuentes,Por_poco_frecuentes,Por_comillas,Por_Homo,Ratio_Palabra_Frases,Ratio_Caracteres_Palabra,Comas,puntos,punto_y_coma,N_sentences,Tipo
NuevaAyudaDesempleadosH,4.628890662410216,1.037509976057462,1.1173184357541899,12.609736632083,2.4740622505985637,0.23942537909018355,5.58659217877095,14.285714285714286,18.59537110933759,24.421388667198723,2.3942537909018355,2.154828411811652,0.0,0.6384676775738228,1.9154030327214684,0.07980845969672785,0.0,0.8778930566640064,0.0,90.50279329608938,0.23942537909018355,0.7980845969672785,0.0,3.5115722266560256,28.5,4.948124501197127,0.7608695652173914,0.9130434782608695,0.0,46,Dificil
