Title,Por_Sinonimos,Por_Abreviaturas,Por_Siglas,Por_verbs,Infinitive_Verbs_number,Gerund_Verbs_number,Participle_Verbs_number,Determiners_number,Preposition_number,Noun,Por_Desconocidas,Por_Largas,Por_Superlativos,Por_Adverbios,Por_Simbolos,Mayusuculas_NoSiglas,Por_Inderterminados,Por_numeros,Por_complex,Por_muy_frecuentes,Por_frecuentes,Por_poco_frecuentes,Por_comillas,Por_Homo,Ratio_Palabra_Frases,Ratio_Caracteres_Palabra,Comas,puntos,punto_y_coma,N_sentences,Tipo
QuienesObligadosDeclaracionRenta,2.6143790849673203,0.7843137254901961,0.5228758169934641,15.686274509803921,3.6601307189542482,0.0,3.5294117647058822,13.4640522875817,14.640522875816993,20.392156862745097,2.0915032679738563,1.3071895424836601,0.0,0.26143790849673204,0.26143790849673204,0.13071895424836602,0.0,0.6535947712418301,0.0,86.66666666666667,0.39215686274509803,1.3071895424836601,0.0,3.1372549019607843,22.2,4.813071895424836,0.9142857142857143,0.9428571428571428,0.0,35,Facil
