Title,Por_Sinonimos,Por_Abreviaturas,Por_Siglas,Por_verbs,Infinitive_Verbs_number,Gerund_Verbs_number,Participle_Verbs_number,Determiners_number,Preposition_number,Noun,Por_Desconocidas,Por_Largas,Por_Superlativos,Por_Adverbios,Por_Simbolos,Mayusuculas_NoSiglas,Por_Inderterminados,Por_numeros,Por_complex,Por_muy_frecuentes,Por_frecuentes,Por_poco_frecuentes,Por_comillas,Por_Homo,Ratio_Palabra_Frases,Ratio_Caracteres_Palabra,Comas,puntos,punto_y_coma,N_sentences,Tipo
RentaMinimaDeInsercionH,4.623287671232877,1.0273972602739727,0.17123287671232876,11.986301369863014,4.794520547945205,0.3424657534246575,2.0547945205479454,11.301369863013699,16.438356164383563,22.773972602739725,3.9383561643835616,2.5684931506849313,0.0,0.8561643835616438,1.5410958904109588,0.0,0.0,2.73972602739726,0.0,85.78767123287672,0.5136986301369864,0.8561643835616438,0.0,2.73972602739726,25.47826086956522,4.825342465753424,0.7391304347826086,1.391304347826087,0.0,23,Dificil
