Title,Por_Sinonimos,Por_Abreviaturas,Por_Siglas,Por_verbs,Infinitive_Verbs_number,Gerund_Verbs_number,Participle_Verbs_number,Determiners_number,Preposition_number,Noun,Por_Desconocidas,Por_Largas,Por_Superlativos,Por_Adverbios,Por_Simbolos,Mayusuculas_NoSiglas,Por_Inderterminados,Por_numeros,Por_complex,Por_muy_frecuentes,Por_frecuentes,Por_poco_frecuentes,Por_comillas,Por_Homo,Ratio_Palabra_Frases,Ratio_Caracteres_Palabra,Comas,puntos,punto_y_coma,N_sentencesTipo
AyudaLiberadosPrisionH,2.8776978417266186,1.7266187050359711,0.28776978417266186,10.93525179856115,2.446043165467626,0.28776978417266186,3.1654676258992804,14.964028776978417,17.41007194244604,24.172661870503596,1.1510791366906474,1.7266187050359711,0.0,0.14388489208633093,0.8633093525179856,0.14388489208633093,0.0,0.28776978417266186,0.0,82.73381294964028,0.4316546762589928,1.1510791366906474,0.0,2.446043165467626,27.791666666666668,4.568345323741007,1.125,1.0,0.0,24,Dificil
