Title,Por_Sinonimos,Por_Abreviaturas,Por_Siglas,Por_verbs,Infinitive_Verbs_number,Gerund_Verbs_number,Participle_Verbs_number,Determiners_number,Preposition_number,Noun,Por_Desconocidas,Por_Largas,Por_Superlativos,Por_Adverbios,Por_Simbolos,Mayusuculas_NoSiglas,Por_Inderterminados,Por_numeros,Por_complex,Por_muy_frecuentes,Por_frecuentes,Por_poco_frecuentes,Por_comillas,Por_Homo,Ratio_Palabra_Frases,Ratio_Caracteres_Palabra,Comas,puntos,punto_y_coma,N_sentencesTipo
AyudaFamiliarDesempleadosH,1.7080745341614907,1.3975155279503106,0.3105590062111801,9.937888198757763,2.1739130434782608,0.15527950310559005,2.329192546583851,15.993788819875776,17.080745341614907,24.84472049689441,0.9316770186335404,2.018633540372671,0.0,0.15527950310559005,0.9316770186335404,0.3105590062111801,0.0,0.15527950310559005,0.0,81.52173913043478,0.4658385093167702,1.2422360248447204,0.0,2.639751552795031,23.846153846153847,4.722049689440993,1.2692307692307692,1.0,0.0,26,Dificil
