Title,Por_Sinonimos,Por_Abreviaturas,Por_Siglas,Por_verbs,Infinitive_Verbs_number,Gerund_Verbs_number,Participle_Verbs_number,Determiners_number,Preposition_number,Noun,Por_Desconocidas,Por_Largas,Por_Superlativos,Por_Adverbios,Por_Simbolos,Mayusuculas_NoSiglas,Por_Inderterminados,Por_numeros,Por_complex,Por_muy_frecuentes,Por_frecuentes,Por_poco_frecuentes,Por_comillas,Por_Homo,Ratio_Palabra_Frases,Ratio_Caracteres_Palabra,Comas,puntos,punto_y_coma,N_sentencesTipo
AyudasRetornoHumanitarioH,4.467609828741623,2.4571854058078926,0.22338049143708116,8.265078183172003,2.084884586746091,0.22338049143708116,2.2338049143708116,11.839166046165301,17.795979151154132,26.805658972449738,3.052866716306776,4.095309009679822,0.0,0.37230081906180196,1.2658227848101267,0.8935219657483247,0.0,1.1169024571854058,0.0,89.05435591958302,0.5212211466865228,0.5956813104988831,0.0,1.712583767684289,36.76315789473684,5.489203276247208,1.6842105263157894,1.0526315789473684,0.05263157894736842,38,Dificil
