Title,Por_Sinonimos,Por_Abreviaturas,Por_Siglas,Por_verbs,Infinitive_Verbs_number,Gerund_Verbs_number,Participle_Verbs_number,Determiners_number,Preposition_number,Noun,Por_Desconocidas,Por_Largas,Por_Superlativos,Por_Adverbios,Por_Simbolos,Mayusuculas_NoSiglas,Por_Inderterminados,Por_numeros,Por_complex,Por_muy_frecuentes,Por_frecuentes,Por_poco_frecuentes,Por_comillas,Por_Homo,Ratio_Palabra_Frases,Ratio_Caracteres_Palabra,Comas,puntos,punto_y_coma,N_sentencesTipo
CitaPreviaVacunacionMadrid,2.9357798165137616,0.1834862385321101,0.1834862385321101,18.165137614678898,6.972477064220183,0.3669724770642202,2.5688073394495414,13.211009174311927,13.027522935779816,19.81651376146789,0.7339449541284404,0.9174311926605505,0.0,0.1834862385321101,1.1009174311926606,0.5504587155963303,0.0,0.5504587155963303,0.0,80.36697247706422,0.3669724770642202,1.4678899082568808,0.0,2.385321100917431,22.565217391304348,4.354128440366972,0.6086956521739131,0.9565217391304348,0.0,23,Facil
