Title,Por_Sinonimos,Por_Abreviaturas,Por_Siglas,Por_verbs,Infinitive_Verbs_number,Gerund_Verbs_number,Participle_Verbs_number,Determiners_number,Preposition_number,Noun,Por_Desconocidas,Por_Largas,Por_Superlativos,Por_Adverbios,Por_Simbolos,Mayusuculas_NoSiglas,Por_Inderterminados,Por_numeros,Por_complex,Por_muy_frecuentes,Por_frecuentes,Por_poco_frecuentes,Por_comillas,Por_Homo,Ratio_Palabra_Frases,Ratio_Caracteres_Palabra,Comas,puntos,punto_y_coma,N_sentencesTipo
CobrarParoPluriempleo,3.5906642728904847,0.4189108318372232,0.0,14.602034709754639,3.0520646319569122,1.2567324955116697,1.4961101137043686,15.679233991621784,15.26032315978456,20.107719928186714,3.4111310592459607,0.8976660682226212,0.0,0.4189108318372232,0.3590664272890485,0.3590664272890485,0.0,1.2567324955116697,0.0,89.3476959904249,0.11968880909634949,0.059844404548174746,0.0,4.189108318372233,29.586206896551722,4.3453022142429685,1.4137931034482758,0.9482758620689655,0.0,58,Facil
