Title,Por_Sinonimos,Por_Abreviaturas,Por_Siglas,Por_verbs,Infinitive_Verbs_number,Gerund_Verbs_number,Participle_Verbs_number,Determiners_number,Preposition_number,Noun,Por_Desconocidas,Por_Largas,Por_Superlativos,Por_Adverbios,Por_Simbolos,Mayusuculas_NoSiglas,Por_Inderterminados,Por_numeros,Por_complex,Por_muy_frecuentes,Por_frecuentes,Por_poco_frecuentes,Por_comillas,Por_Homo,Ratio_Palabra_Frases,Ratio_Caracteres_Palabra,Comas,puntos,punto_y_coma,N_sentencesTipo
CuandoObligatoriaDeclaracionRentaFacil,6.441149212233549,1.3438368860055607,0.3243744207599629,14.411492122335495,3.0120481927710845,0.09267840593141798,3.429101019462465,12.418906394810008,14.457831325301205,21.269694161260425,3.1510658016682114,1.4365152919369786,0.0,0.3707136237256719,2.6413345690454126,0.3243744207599629,0.0,0.6024096385542169,0.0,84.70806302131604,0.5097312326227988,1.1121408711770158,0.0,2.5949953660797034,31.267605633802816,4.829008341056534,1.9577464788732395,0.8591549295774648,0.0,71,Facil
