Title,Por_Sinonimos,Por_Abreviaturas,Por_Siglas,Por_verbs,Infinitive_Verbs_number,Gerund_Verbs_number,Participle_Verbs_number,Determiners_number,Preposition_number,Noun,Por_Desconocidas,Por_Largas,Por_Superlativos,Por_Adverbios,Por_Simbolos,Mayusuculas_NoSiglas,Por_Inderterminados,Por_numeros,Por_complex,Por_muy_frecuentes,Por_frecuentes,Por_poco_frecuentes,Por_comillas,Por_Homo,Ratio_Palabra_Frases,Ratio_Caracteres_Palabra,Comas,puntos,punto_y_coma,N_sentencesTipo
DerechoAbogadoOficio,3.8243626062322944,0.9206798866855525,0.0708215297450425,15.793201133144477,4.745042492917847,0.56657223796034,1.9121813031161472,16.359773371104815,14.872521246458923,23.158640226628894,0.7790368271954674,1.7705382436260624,0.0,0.6373937677053825,1.0623229461756374,0.141643059490085,0.0,0.21246458923512748,0.0,90.43909348441926,0.141643059490085,0.141643059490085,0.0,2.691218130311615,29.26530612244898,4.636685552407932,1.2448979591836735,0.7755102040816326,0.0,49,Facil
