Title,Por_Sinonimos,Por_Abreviaturas,Por_Siglas,Por_verbs,Infinitive_Verbs_number,Gerund_Verbs_number,Participle_Verbs_number,Determiners_number,Preposition_number,Noun,Por_Desconocidas,Por_Largas,Por_Superlativos,Por_Adverbios,Por_Simbolos,Mayusuculas_NoSiglas,Por_Inderterminados,Por_numeros,Por_complex,Por_muy_frecuentes,Por_frecuentes,Por_poco_frecuentes,Por_comillas,Por_Homo,Ratio_Palabra_Frases,Ratio_Caracteres_Palabra,Comas,puntos,punto_y_coma,N_sentencesTipo
EREFacil,3.6018957345971563,1.5165876777251184,1.7061611374407584,10.995260663507109,2.1800947867298577,0.5687203791469194,1.4218009478672986,15.545023696682465,15.355450236966824,25.118483412322274,1.6113744075829384,1.7061611374407584,0.0,0.6635071090047393,2.1800947867298577,0.0947867298578199,0.0,0.8530805687203792,0.0,89.19431279620854,1.8957345971563981,0.0947867298578199,0.0,2.2748815165876777,25.627906976744185,4.961137440758294,0.9534883720930233,0.9302325581395349,0.0,43,Facil
