Title,Por_Sinonimos,Por_Abreviaturas,Por_Siglas,Por_verbs,Infinitive_Verbs_number,Gerund_Verbs_number,Participle_Verbs_number,Determiners_number,Preposition_number,Noun,Por_Desconocidas,Por_Largas,Por_Superlativos,Por_Adverbios,Por_Simbolos,Mayusuculas_NoSiglas,Por_Inderterminados,Por_numeros,Por_complex,Por_muy_frecuentes,Por_frecuentes,Por_poco_frecuentes,Por_comillas,Por_Homo,Ratio_Palabra_Frases,Ratio_Caracteres_Palabra,Comas,puntos,punto_y_coma,N_sentencesTipo
InscribirseGarantiaJuvenil,4.632426988922457,1.4098690835850958,1.0070493454179255,15.00503524672709,4.531722054380665,0.4028197381671702,2.215508559919436,11.983887210473313,15.206445115810675,22.05438066465257,1.0070493454179255,3.121852970795569,0.0,0.2014098690835851,2.3162134944612287,0.7049345417925479,0.0,0.7049345417925479,0.0,86.6062437059416,0.4028197381671702,1.309164149043303,0.0,3.4239677744209467,29.88235294117647,4.846928499496475,1.2647058823529411,0.9705882352941176,0.0,34,Facil
