Title,Por_Sinonimos,Por_Abreviaturas,Por_Siglas,Por_verbs,Infinitive_Verbs_number,Gerund_Verbs_number,Participle_Verbs_number,Determiners_number,Preposition_number,Noun,Por_Desconocidas,Por_Largas,Por_Superlativos,Por_Adverbios,Por_Simbolos,Mayusuculas_NoSiglas,Por_Inderterminados,Por_numeros,Por_complex,Por_muy_frecuentes,Por_frecuentes,Por_poco_frecuentes,Por_comillas,Por_Homo,Ratio_Palabra_Frases,Ratio_Caracteres_Palabra,Comas,puntos,punto_y_coma,N_sentencesTipo
OficinaVirtualEmpleoFacil,2.1341463414634148,1.0670731707317074,0.9146341463414634,11.890243902439025,4.573170731707317,0.0,1.524390243902439,13.262195121951219,14.329268292682928,26.829268292682926,1.9817073170731707,4.2682926829268295,0.0,0.0,4.115853658536586,1.2195121951219512,0.0,1.0670731707317074,0.0,95.42682926829268,0.1524390243902439,1.2195121951219512,0.0,2.7439024390243905,17.227272727272727,5.464939024390244,0.6363636363636364,0.9772727272727273,0.022727272727272728,44,Facil
