Title,Por_Sinonimos,Por_Abreviaturas,Por_Siglas,Por_verbs,Infinitive_Verbs_number,Gerund_Verbs_number,Participle_Verbs_number,Determiners_number,Preposition_number,Noun,Por_Desconocidas,Por_Largas,Por_Superlativos,Por_Adverbios,Por_Simbolos,Mayusuculas_NoSiglas,Por_Inderterminados,Por_numeros,Por_complex,Por_muy_frecuentes,Por_frecuentes,Por_poco_frecuentes,Por_comillas,Por_Homo,Ratio_Palabra_Frases,Ratio_Caracteres_Palabra,Comas,puntos,punto_y_coma,N_sentencesTipo
PagarMultasTraficoH,3.114571746384872,1.557285873192436,0.0,12.458286985539488,3.781979977753059,0.44493882091212456,0.8898776418242491,14.46051167964405,16.46273637374861,21.35706340378198,4.004449388209121,1.4460511679644048,0.0,0.22246941045606228,0.8898776418242491,0.11123470522803114,0.0,1.2235817575083425,0.0,79.86651835372636,0.22246941045606228,1.1123470522803114,0.0,2.8921023359288096,19.795454545454547,4.117908787541713,0.9090909090909091,0.9318181818181818,0.0,44,Dificil
