Title,Por_Sinonimos,Por_Abreviaturas,Por_Siglas,Por_verbs,Infinitive_Verbs_number,Gerund_Verbs_number,Participle_Verbs_number,Determiners_number,Preposition_number,Noun,Por_Desconocidas,Por_Largas,Por_Superlativos,Por_Adverbios,Por_Simbolos,Mayusuculas_NoSiglas,Por_Inderterminados,Por_numeros,Por_complex,Por_muy_frecuentes,Por_frecuentes,Por_poco_frecuentes,Por_comillas,Por_Homo,Ratio_Palabra_Frases,Ratio_Caracteres_Palabra,Comas,puntos,punto_y_coma,N_sentencesTipo
PrestacionDesempleoEREExtincionFacil,3.1802120141342756,0.8833922261484098,1.2367491166077738,11.130742049469964,2.1201413427561837,0.0,2.65017667844523,14.487632508833922,15.371024734982333,25.08833922261484,2.2968197879858656,0.8833922261484098,0.0,0.17667844522968199,3.3568904593639575,0.17667844522968199,0.0,1.0600706713780919,0.0,83.39222614840989,0.8833922261484098,0.35335689045936397,0.0,2.1201413427561837,26.80952380952381,4.427561837455831,0.8571428571428571,0.9047619047619048,0.0,21,Facil
