Title,Por_Sinonimos,Por_Abreviaturas,Por_Siglas,Por_verbs,Infinitive_Verbs_number,Gerund_Verbs_number,Participle_Verbs_number,Determiners_number,Preposition_number,Noun,Por_Desconocidas,Por_Largas,Por_Superlativos,Por_Adverbios,Por_Simbolos,Mayusuculas_NoSiglas,Por_Inderterminados,Por_numeros,Por_complex,Por_muy_frecuentes,Por_frecuentes,Por_poco_frecuentes,Por_comillas,Por_Homo,Ratio_Palabra_Frases,Ratio_Caracteres_Palabra,Comas,puntos,punto_y_coma,N_sentencesTipo
PrestaciónMaternidadFacil,4.724409448818897,0.984251968503937,0.5249343832020997,12.992125984251969,3.8713910761154855,0.6561679790026247,1.1811023622047243,15.551181102362206,15.813648293963254,23.68766404199475,2.1653543307086616,1.7716535433070866,0.0,0.45931758530183725,1.4435695538057742,0.06561679790026247,0.0,0.8530183727034121,0.0,89.37007874015748,0.06561679790026247,0.26246719160104987,0.0,1.7060367454068242,34.46666666666667,4.767060367454068,1.3111111111111111,1.0,0.0,45,Facil
