Title,Por_Sinonimos,Por_Abreviaturas,Por_Siglas,Por_verbs,Infinitive_Verbs_number,Gerund_Verbs_number,Participle_Verbs_number,Determiners_number,Preposition_number,Noun,Por_Desconocidas,Por_Largas,Por_Superlativos,Por_Adverbios,Por_Simbolos,Mayusuculas_NoSiglas,Por_Inderterminados,Por_numeros,Por_complex,Por_muy_frecuentes,Por_frecuentes,Por_poco_frecuentes,Por_comillas,Por_Homo,Ratio_Palabra_Frases,Ratio_Caracteres_Palabra,Comas,puntos,punto_y_coma,N_sentencesTipo
RentaMinimaDeInsercionFacil,2.7989821882951653,0.7633587786259542,0.7633587786259542,12.977099236641221,2.7989821882951653,0.2544529262086514,1.0178117048346056,14.758269720101781,12.468193384223918,23.66412213740458,1.0178117048346056,3.3078880407124682,0.0,0.2544529262086514,2.2900763358778624,0.0,0.0,0.7633587786259542,0.0,118.3206106870229,0.0,1.0178117048346056,0.0,0.5089058524173028,31.941176470588236,5.099236641221374,1.0588235294117647,0.7058823529411765,0.0,17,Facil
