Title,Por_Sinonimos,Por_Abreviaturas,Por_Siglas,Por_verbs,Infinitive_Verbs_number,Gerund_Verbs_number,Participle_Verbs_number,Determiners_number,Preposition_number,Noun,Por_Desconocidas,Por_Largas,Por_Superlativos,Por_Adverbios,Por_Simbolos,Mayusuculas_NoSiglas,Por_Inderterminados,Por_numeros,Por_complex,Por_muy_frecuentes,Por_frecuentes,Por_poco_frecuentes,Por_comillas,Por_Homo,Ratio_Palabra_Frases,Ratio_Caracteres_Palabra,Comas,puntos,punto_y_coma,N_sentencesTipo
SolicitarBorradorDeclaracionRentaH,2.265705458290422,1.8537590113285274,1.7507723995880535,14.006179196704428,4.840370751802266,0.411946446961895,1.544799176107106,13.388259526261585,13.594232749742533,23.68692070030896,1.64778578784758,1.0298661174047374,0.0,0.5149330587023687,2.265705458290422,0.7209062821833162,0.0,1.0298661174047374,0.0,77.96086508753862,0.2059732234809475,1.132852729145211,3.501544799176107,2.059732234809475,27.848484848484848,4.502574665293512,1.1818181818181819,0.9696969696969697,0.0,33,Dificil
