Title,Por_Sinonimos,Por_Abreviaturas,Por_Siglas,Por_verbs,Infinitive_Verbs_number,Gerund_Verbs_number,Participle_Verbs_number,Determiners_number,Preposition_number,Noun,Por_Desconocidas,Por_Largas,Por_Superlativos,Por_Adverbios,Por_Simbolos,Mayusuculas_NoSiglas,Por_Inderterminados,Por_numeros,Por_complex,Por_muy_frecuentes,Por_frecuentes,Por_poco_frecuentes,Por_comillas,Por_Homo,Ratio_Palabra_Frases,Ratio_Caracteres_Palabra,Comas,puntos,punto_y_coma,N_sentencesTipo
SolicitarCertificadoIRPFH,1.7601760176017602,0.9900990099009901,2.6402640264026402,13.751375137513751,4.51045104510451,0.11001100110011001,1.4301430143014302,14.521452145214521,14.631463146314632,21.562156215621563,1.4301430143014302,1.54015401540154,0.0,0.6600660066006601,0.77007700770077,0.22002200220022003,0.0,0.77007700770077,0.0,83.05830583058305,0.5500550055005501,0.22002200220022003,3.74037403740374,1.7601760176017602,26.606060606060606,4.518151815181518,0.8181818181818182,1.0,0.0,33,Dificil
