Title,Por_Sinonimos,Por_Abreviaturas,Por_Siglas,Por_verbs,Infinitive_Verbs_number,Gerund_Verbs_number,Participle_Verbs_number,Determiners_number,Preposition_number,Noun,Por_Desconocidas,Por_Largas,Por_Superlativos,Por_Adverbios,Por_Simbolos,Mayusuculas_NoSiglas,Por_Inderterminados,Por_numeros,Por_complex,Por_muy_frecuentes,Por_frecuentes,Por_poco_frecuentes,Por_comillas,Por_Homo,Ratio_Palabra_Frases,Ratio_Caracteres_Palabra,Comas,puntos,punto_y_coma,N_sentencesTipo
TarjetaSanitariaEuropeaH,2.9548989113530326,1.244167962674961,2.7993779160186625,10.88646967340591,2.6438569206842923,0.9331259720062208,1.3996889580093312,13.685847589424572,11.35303265940902,26.438569206842924,1.7107309486780715,5.598755832037325,0.0,0.15552099533437014,4.665629860031104,0.15552099533437014,0.0,0.6220839813374806,0.0,85.84758942457232,0.3110419906687403,0.9331259720062208,0.0,2.177293934681182,42.75,5.1399688958009335,3.4375,1.1875,0.0,16,Dificil
