Title,Por_Sinonimos,Por_Abreviaturas,Por_Siglas,Por_verbs,Infinitive_Verbs_number,Gerund_Verbs_number,Participle_Verbs_number,Determiners_number,Preposition_number,Noun,Por_Desconocidas,Por_Largas,Por_Superlativos,Por_Adverbios,Por_Simbolos,Mayusuculas_NoSiglas,Por_Inderterminados,Por_numeros,Por_complex,Por_muy_frecuentes,Por_frecuentes,Por_poco_frecuentes,Por_comillas,Por_Homo,Ratio_Palabra_Frases,Ratio_Caracteres_Palabra,Comas,puntos,punto_y_coma,N_sentencesTipo
TarjetaSanitariaEuropea,5.2434456928838955,1.2734082397003745,1.198501872659176,12.808988764044944,4.044943820224719,0.2247191011235955,1.1235955056179776,12.958801498127341,12.958801498127341,24.868913857677903,1.4232209737827715,4.269662921348314,0.0,0.8239700374531835,1.4981273408239701,0.2247191011235955,0.0,0.7490636704119851,0.0,89.3632958801498,0.6741573033707865,0.5243445692883895,0.0,2.0224719101123596,29.829787234042552,5.12059925093633,1.7659574468085106,1.0,0.0,47,Facil
