Title,Por_Sinonimos,Por_Abreviaturas,Por_Siglas,Por_verbs,Infinitive_Verbs_number,Gerund_Verbs_number,Participle_Verbs_number,Articles_number,Preposition_number,Noun,Por_Desconocidas,Por_Largas,Por_Superlativos,Por_Adverbios,Por_Simbolos,Mayusuculas_NoSiglas,Por_Inderterminados,Por_numeros,Por_complex,Por_muy_frecuentes,Por_frecuentes,Por_poco_frecuentes,Por_comillas,Por_Homo,Ratio_Palabra_Frases,Ratio_Caracteres_Palabra,Tipo
APPAgenciaTributariaRenta2019H,3.0054644808743167,1.366120218579235,2.8233151183970855,5.100182149362477,0.0,0.0,0.0,15.573770491803279,16.39344262295082,19.12568306010929,34.15300546448088,0.819672131147541,0.0,0.4553734061930783,0.819672131147541,0.36429872495446264,0.0,1.2750455373406193,0.0,83.87978142076503,2.276867030965392,0.4553734061930783,2.185792349726776,2.276867030965392,26.142857142857142,4.404371584699454,Dificil
