Title,Por_Sinonimos,Por_Abreviaturas,Por_Siglas,Por_verbs,Infinitive_Verbs_number,Gerund_Verbs_number,Participle_Verbs_number,Articles_number,Preposition_number,Noun,Por_Desconocidas,Por_Largas,Por_Superlativos,Por_Adverbios,Por_Simbolos,Mayusuculas_NoSiglas,Por_Inderterminados,Por_numeros,Por_complex,Por_muy_frecuentes,Por_frecuentes,Por_poco_frecuentes,Por_comillas,Por_Homo,Ratio_Palabra_Frases,Ratio_Caracteres_Palabra,Tipo
CalendarioDelContribuyenteH,4.9100094726870855,1.9419008525418378,0.6630880959898958,1.9103252289232713,0.0,0.0,0.0,10.798863277549732,16.245658351752446,14.398484370066308,44.158509630565206,3.047047679191664,0.0,0.20524155352068205,1.1998736975055257,0.5052099778970635,0.0,8.114935269971582,0.0,73.60277865487843,0.742027155036312,0.473634354278497,0.0947268708556994,3.8838017050836755,26.613445378151262,4.6117777076097255,Dificil
