Title,Por_Sinonimos,Por_Abreviaturas,Por_Siglas,Por_verbs,Infinitive_Verbs_number,Gerund_Verbs_number,Participle_Verbs_number,Articles_number,Preposition_number,Noun,Por_Desconocidas,Por_Largas,Por_Superlativos,Por_Adverbios,Por_Simbolos,Mayusuculas_NoSiglas,Por_Inderterminados,Por_numeros,Por_complex,Por_muy_frecuentes,Por_frecuentes,Por_poco_frecuentes,Por_comillas,Por_Homo,Ratio_Palabra_Frases,Ratio_Caracteres_Palabra,Tipo
CertificadoRetencionesIRPF2019FacilH,1.8244013683010263,1.0262257696693273,3.0786773090079818,6.043329532497149,0.0,0.0,0.0,15.051311288483467,14.59521094640821,16.98973774230331,31.812998859749143,1.596351197263398,0.0,0.6841505131128849,0.798175598631699,0.22805017103762829,0.0,0.798175598631699,0.0,86.20296465222349,0.22805017103762829,0.22805017103762829,3.8768529076396807,1.8244013683010263,26.575757575757574,4.670467502850627,Dificil
