Title,Por_Sinonimos,Por_Abreviaturas,Por_Siglas,Por_verbs,Infinitive_Verbs_number,Gerund_Verbs_number,Participle_Verbs_number,Articles_number,Preposition_number,Noun,Por_Desconocidas,Por_Largas,Por_Superlativos,Por_Adverbios,Por_Simbolos,Mayusuculas_NoSiglas,Por_Inderterminados,Por_numeros,Por_complex,Por_muy_frecuentes,Por_frecuentes,Por_poco_frecuentes,Por_comillas,Por_Homo,Ratio_Palabra_Frases,Ratio_Caracteres_Palabra,Tipo
CitaPreviaDGTH,2.953020134228188,2.0134228187919465,0.40268456375838924,7.114093959731544,0.0,0.0,0.0,12.348993288590604,14.228187919463087,17.046979865771814,33.422818791946305,1.2080536912751678,0.0,0.1342281879194631,0.8053691275167785,0.1342281879194631,0.0,0.6711409395973155,0.0,85.36912751677852,0.5369127516778524,0.40268456375838924,0.0,4.1610738255033555,25.689655172413794,4.6281879194630875,Dificil
