Title,Por_Sinonimos,Por_Abreviaturas,Por_Siglas,Por_verbs,Infinitive_Verbs_number,Gerund_Verbs_number,Participle_Verbs_number,Articles_number,Preposition_number,Noun,Por_Desconocidas,Por_Largas,Por_Superlativos,Por_Adverbios,Por_Simbolos,Mayusuculas_NoSiglas,Por_Inderterminados,Por_numeros,Por_complex,Por_muy_frecuentes,Por_frecuentes,Por_poco_frecuentes,Por_comillas,Por_Homo,Ratio_Palabra_Frases,Ratio_Caracteres_Palabra,Tipo
CitaPreviaAgenciaTributariaH,6.537890044576523,1.9316493313521546,1.9316493313521546,7.132243684992571,0.0,0.0,0.0,15.156017830609212,17.830609212481427,18.27637444279346,29.71768202080238,1.9316493313521546,0.0,0.4457652303120357,0.2971768202080238,0.4457652303120357,0.0,0.1485884101040119,0.0,86.77563150074295,0.1485884101040119,0.7429420505200595,2.971768202080238,2.2288261515601784,22.433333333333334,4.591381872213967,Dificil
