Title,Por_Sinonimos,Por_Abreviaturas,Por_Siglas,Por_verbs,Infinitive_Verbs_number,Gerund_Verbs_number,Participle_Verbs_number,Articles_number,Preposition_number,Noun,Por_Desconocidas,Por_Largas,Por_Superlativos,Por_Adverbios,Por_Simbolos,Mayusuculas_NoSiglas,Por_Inderterminados,Por_numeros,Por_complex,Por_muy_frecuentes,Por_frecuentes,Por_poco_frecuentes,Por_comillas,Por_Homo,Ratio_Palabra_Frases,Ratio_Caracteres_Palabra,Tipo
ConsultarDevolucionDeRenta,3.9292730844793713,0.9823182711198428,0.4911591355599214,6.974459724950884,0.0,0.0,0.0,16.50294695481336,11.984282907662083,16.797642436149314,33.00589390962672,2.2593320235756384,0.0,0.5893909626719057,0.9823182711198428,0.09823182711198428,0.19646365422396855,0.7858546168958742,0.0,88.31041257367387,0.3929273084479371,0.09823182711198428,0.0,3.536345776031434,30.848484848484848,4.778978388998035,Facil
