Title,Por_Sinonimos,Por_Abreviaturas,Por_Siglas,Por_verbs,Infinitive_Verbs_number,Gerund_Verbs_number,Participle_Verbs_number,Articles_number,Preposition_number,Noun,Por_Desconocidas,Por_Largas,Por_Superlativos,Por_Adverbios,Por_Simbolos,Mayusuculas_NoSiglas,Por_Inderterminados,Por_numeros,Por_complex,Por_muy_frecuentes,Por_frecuentes,Por_poco_frecuentes,Por_comillas,Por_Homo,Ratio_Palabra_Frases,Ratio_Caracteres_Palabra,Tipo
CosteDefensaJuicioLaboral,5.471289274106176,1.0834236186348862,0.5417118093174431,8.179848320693392,0.0,0.0,0.0,15.763813651137594,11.971830985915492,14.030335861321777,30.335861321776814,1.408450704225352,0.0,0.5417118093174431,0.37919826652221017,0.4875406283856988,0.05417118093174431,0.3250270855904659,0.0,88.94907908992415,0.16251354279523295,0.3250270855904659,0.0,2.4918743228602382,25.63888888888889,4.520585048754063,Facil
