Title,Por_Sinonimos,Por_Abreviaturas,Por_Siglas,Por_verbs,Infinitive_Verbs_number,Gerund_Verbs_number,Participle_Verbs_number,Articles_number,Preposition_number,Noun,Por_Desconocidas,Por_Largas,Por_Superlativos,Por_Adverbios,Por_Simbolos,Mayusuculas_NoSiglas,Por_Inderterminados,Por_numeros,Por_complex,Por_muy_frecuentes,Por_frecuentes,Por_poco_frecuentes,Por_comillas,Por_Homo,Ratio_Palabra_Frases,Ratio_Caracteres_Palabra,Tipo
DarseDeAltaAutonomo,3.4874290348742902,0.8110300081103001,1.5409570154095702,5.7583130575831305,0.0,0.0,0.0,13.219789132197892,13.949716139497161,11.19221411192214,38.52392538523925,2.4330900243309004,0.0,0.24330900243309003,2.18978102189781,0.32441200324412,0.08110300081103,1.2165450121654502,0.0,85.64476885644768,0.9732360097323601,0.7299270072992701,0.0,3.0819140308191404,28.674418604651162,4.8321167883211675,Facil
