Title,Por_Sinonimos,Por_Abreviaturas,Por_Siglas,Por_verbs,Infinitive_Verbs_number,Gerund_Verbs_number,Participle_Verbs_number,Articles_number,Preposition_number,Noun,Por_Desconocidas,Por_Largas,Por_Superlativos,Por_Adverbios,Por_Simbolos,Mayusuculas_NoSiglas,Por_Inderterminados,Por_numeros,Por_complex,Por_muy_frecuentes,Por_frecuentes,Por_poco_frecuentes,Por_comillas,Por_Homo,Ratio_Palabra_Frases,Ratio_Caracteres_Palabra,Tipo
EREFacil,3.4482758620689653,1.4519056261343013,2.087114337568058,2.9945553539019962,0.0,0.0,0.0,14.791288566243194,14.428312159709618,15.245009074410163,31.76043557168784,1.633393829401089,0.0,0.6352087114337568,2.087114337568058,0.09074410163339383,0.0,0.8166969147005445,0.0,85.48094373865699,1.7241379310344827,0.09074410163339383,0.0,2.1778584392014517,25.627906976744185,4.749546279491833,Facil
