Title,Por_Sinonimos,Por_Abreviaturas,Por_Siglas,Por_verbs,Infinitive_Verbs_number,Gerund_Verbs_number,Participle_Verbs_number,Articles_number,Preposition_number,Noun,Por_Desconocidas,Por_Largas,Por_Superlativos,Por_Adverbios,Por_Simbolos,Mayusuculas_NoSiglas,Por_Inderterminados,Por_numeros,Por_complex,Por_muy_frecuentes,Por_frecuentes,Por_poco_frecuentes,Por_comillas,Por_Homo,Ratio_Palabra_Frases,Ratio_Caracteres_Palabra,Tipo
InstalarActivarDNIElectronico,3.380281690140845,0.2112676056338028,3.1690140845070425,6.901408450704225,0.0,0.0,0.0,15.56338028169014,13.52112676056338,11.338028169014084,36.056338028169016,1.267605633802817,0.0,0.4225352112676056,0.2112676056338028,0.5633802816901409,0.07042253521126761,0.5633802816901409,0.0,86.61971830985915,0.5633802816901409,0.28169014084507044,0.0,2.816901408450704,25.818181818181817,4.616901408450704,Facil
