Title,Por_Sinonimos,Por_Abreviaturas,Por_Siglas,Por_verbs,Infinitive_Verbs_number,Gerund_Verbs_number,Participle_Verbs_number,Articles_number,Preposition_number,Noun,Por_Desconocidas,Por_Largas,Por_Superlativos,Por_Adverbios,Por_Simbolos,Mayusuculas_NoSiglas,Por_Inderterminados,Por_numeros,Por_complex,Por_muy_frecuentes,Por_frecuentes,Por_poco_frecuentes,Por_comillas,Por_Homo,Ratio_Palabra_Frases,Ratio_Caracteres_Palabra,Tipo
ParoPrimeraVez,2.6150627615062763,0.8368200836820083,2.928870292887029,6.171548117154812,0.0,0.0,0.0,13.702928870292887,13.598326359832637,16.00418410041841,32.53138075313807,0.8368200836820083,0.0,0.20920502092050208,3.8702928870292888,0.10460251046025104,0.20920502092050208,0.0,0.0,85.66945606694561,0.10460251046025104,1.4644351464435146,0.0,3.6610878661087867,25.83783783783784,4.2761506276150625,Facil
