Title,Por_Sinonimos,Por_Abreviaturas,Por_Siglas,Por_verbs,Infinitive_Verbs_number,Gerund_Verbs_number,Participle_Verbs_number,Articles_number,Preposition_number,Noun,Por_Desconocidas,Por_Largas,Por_Superlativos,Por_Adverbios,Por_Simbolos,Mayusuculas_NoSiglas,Por_Inderterminados,Por_numeros,Por_complex,Por_muy_frecuentes,Por_frecuentes,Por_poco_frecuentes,Por_comillas,Por_Homo,Ratio_Palabra_Frases,Ratio_Caracteres_Palabra,Tipo
SolicitarCertificadoIRPFH,1.8223234624145785,1.0250569476082005,3.644646924829157,6.0364464692482915,0.0,0.0,0.0,15.034168564920273,14.578587699316628,17.312072892938495,32.34624145785877,1.5945330296127562,0.0,0.683371298405467,0.7972665148063781,0.22779043280182232,0.0,0.7972665148063781,0.0,86.33257403189066,0.22779043280182232,0.22779043280182232,3.8724373576309796,1.8223234624145785,26.606060606060606,4.6776765375854215,Dificil
