Title,Por_Sinonimos,Por_Abreviaturas,Por_Siglas,Por_verbs,Infinitive_Verbs_number,Gerund_Verbs_number,Participle_Verbs_number,Determiners_number,Preposition_number,Noun,Por_Desconocidas,Por_Largas,Por_Superlativos,Por_Adverbios,Por_Simbolos,Mayusuculas_NoSiglas,Por_Inderterminados,Por_numeros,Por_complex,Por_muy_frecuentes,Por_frecuentes,Por_poco_frecuentes,Por_comillas,Por_Homo,Ratio_Palabra_Frases,Ratio_Caracteres_Palabra,Comas,puntos,punto_y_coma,N_sentences,Tipo
AyudasAutonomosParoFacil,18.899733806566104,0.44365572315882873,0.26619343389529726,14.729370008873115,3.904170363797693,0.26619343389529726,1.6858917480035494,13.309671694764862,15.439219165927241,20.763087843833187,2.750665483584738,1.6858917480035494,0.0,0.44365572315882873,1.774622892635315,0.0,0.0,0.709849157054126,0.0,85.00443655723159,0.44365572315882873,0.6211180124223602,0.0,3.460514640638864,26.209302325581394,4.590062111801243,1.2325581395348837,0.9069767441860465,0.0,43,Facil
