Title,Por_Sinonimos,Por_Abreviaturas,Por_Siglas,Por_verbs,Infinitive_Verbs_number,Gerund_Verbs_number,Participle_Verbs_number,Determiners_number,Preposition_number,Noun,Por_Desconocidas,Por_Largas,Por_Superlativos,Por_Adverbios,Por_Simbolos,Mayusuculas_NoSiglas,Por_Inderterminados,Por_numeros,Por_complex,Por_muy_frecuentes,Por_frecuentes,Por_poco_frecuentes,Por_comillas,Por_Homo,Ratio_Palabra_Frases,Ratio_Caracteres_Palabra,Comas,puntos,punto_y_coma,N_sentences,Tipo
AyudasAlquilerViviendaFacil,13.591095489162273,2.10896309314587,0.05858230814294083,8.611599297012303,1.8160515524311658,0.11716461628588166,1.054481546572935,15.758640890451083,18.86350322202695,25.659050966608085,5.038078500292912,2.401874633860574,0.0,0.05858230814294083,2.460456942003515,0.0,0.0,0.70298769771529,0.0,87.22905682483889,1.1716461628588166,0.8201523140011716,0.0,3.5735207967193907,37.108695652173914,4.807264206209725,1.1956521739130435,0.9130434782608695,0.0,46,Facil
