Title,Por_Sinonimos,Por_Abreviaturas,Por_Siglas,Por_verbs,Infinitive_Verbs_number,Gerund_Verbs_number,Participle_Verbs_number,Determiners_number,Preposition_number,Noun,Por_Desconocidas,Por_Largas,Por_Superlativos,Por_Adverbios,Por_Simbolos,Mayusuculas_NoSiglas,Por_Inderterminados,Por_numeros,Por_complex,Por_muy_frecuentes,Por_frecuentes,Por_poco_frecuentes,Por_comillas,Por_Homo,Ratio_Palabra_Frases,Ratio_Caracteres_Palabra,Comas,puntos,punto_y_coma,N_sentences,Tipo
AyudasParadosLargaDuracionH,7.024793388429752,4.132231404958677,0.8264462809917356,8.677685950413224,2.0661157024793386,0.0,3.71900826446281,9.710743801652892,17.355371900826448,24.58677685950413,3.925619834710744,1.6528925619834711,0.0,0.8264462809917356,1.2396694214876034,0.0,0.0,2.479338842975207,0.0,88.01652892561984,1.2396694214876034,1.4462809917355373,0.0,5.991735537190083,17.285714285714285,4.615702479338843,0.8214285714285714,0.9642857142857143,0.0,28,Dificil
