Title,Por_Sinonimos,Por_Abreviaturas,Por_Siglas,Por_verbs,Infinitive_Verbs_number,Gerund_Verbs_number,Participle_Verbs_number,Determiners_number,Preposition_number,Noun,Por_Desconocidas,Por_Largas,Por_Superlativos,Por_Adverbios,Por_Simbolos,Mayusuculas_NoSiglas,Por_Inderterminados,Por_numeros,Por_complex,Por_muy_frecuentes,Por_frecuentes,Por_poco_frecuentes,Por_comillas,Por_Homo,Ratio_Palabra_Frases,Ratio_Caracteres_Palabra,Comas,puntos,punto_y_coma,N_sentences,Tipo
CalendarioDelContribuyenteH,10.494021397105097,2.013845185651353,0.645059786028949,5.711139081183134,1.1799874134675896,0.15733165512901195,1.9666456891126494,10.840151038388925,16.661422278162366,21.239773442416613,11.422278162366268,3.036500943989931,0.0,0.20453115166771554,1.1799874134675896,0.0,0.0,8.086847073631215,0.0,72.3096286972939,1.038388923851479,1.2114537444933922,0.09439899307740718,3.870358716173694,26.705882352941178,4.595814977973569,1.726890756302521,1.0084033613445378,0.004201680672268907,238,Dificil
