Title,Por_Sinonimos,Por_Abreviaturas,Por_Siglas,Por_verbs,Infinitive_Verbs_number,Gerund_Verbs_number,Participle_Verbs_number,Determiners_number,Preposition_number,Noun,Por_Desconocidas,Por_Largas,Por_Superlativos,Por_Adverbios,Por_Simbolos,Mayusuculas_NoSiglas,Por_Inderterminados,Por_numeros,Por_complex,Por_muy_frecuentes,Por_frecuentes,Por_poco_frecuentes,Por_comillas,Por_Homo,Ratio_Palabra_Frases,Ratio_Caracteres_Palabra,Comas,puntos,punto_y_coma,N_sentences,Tipo
CertificadoRetencionesIRPF2019FacilH,7.230255839822025,1.0011123470522802,1.668520578420467,13.904338153503893,4.560622914349277,0.11123470522803114,1.4460511679644048,14.682981090100112,14.794215795328142,20.800889877641826,2.1134593993325916,1.557285873192436,0.0,0.6674082313681868,0.778642936596218,0.0,0.0,0.778642936596218,0.0,82.31368186874305,1.7797552836484982,0.44493882091212456,3.781979977753059,1.7797552836484982,27.242424242424242,4.556173526140156,0.8181818181818182,1.0,0.0,33,Dificil
