Title,Por_Sinonimos,Por_Abreviaturas,Por_Siglas,Por_verbs,Infinitive_Verbs_number,Gerund_Verbs_number,Participle_Verbs_number,Determiners_number,Preposition_number,Noun,Por_Desconocidas,Por_Largas,Por_Superlativos,Por_Adverbios,Por_Simbolos,Mayusuculas_NoSiglas,Por_Inderterminados,Por_numeros,Por_complex,Por_muy_frecuentes,Por_frecuentes,Por_poco_frecuentes,Por_comillas,Por_Homo,Ratio_Palabra_Frases,Ratio_Caracteres_Palabra,Comas,puntos,punto_y_coma,N_sentences,Tipo
CitaPreviaSanitaria,3.605015673981191,0.7836990595611285,0.4702194357366771,12.539184952978056,3.134796238244514,0.4702194357366771,1.09717868338558,12.852664576802507,11.598746081504702,23.510971786833856,5.015673981191223,2.8213166144200628,0.0,0.4702194357366771,3.134796238244514,0.0,0.0,0.15673981191222572,0.0,87.46081504702194,0.7836990595611285,1.8808777429467085,0.0,2.9780564263322886,24.53846153846154,5.004702194357367,0.38461538461538464,0.9615384615384616,0.0,26,Facil
