Title,Por_Sinonimos,Por_Abreviaturas,Por_Siglas,Por_verbs,Infinitive_Verbs_number,Gerund_Verbs_number,Participle_Verbs_number,Determiners_number,Preposition_number,Noun,Por_Desconocidas,Por_Largas,Por_Superlativos,Por_Adverbios,Por_Simbolos,Mayusuculas_NoSiglas,Por_Inderterminados,Por_numeros,Por_complex,Por_muy_frecuentes,Por_frecuentes,Por_poco_frecuentes,Por_comillas,Por_Homo,Ratio_Palabra_Frases,Ratio_Caracteres_Palabra,Comas,puntos,punto_y_coma,N_sentences,Tipo
CitaPreviaRenovarDNIPasaporteH,2.7237354085603114,2.7237354085603114,1.556420233463035,14.007782101167315,5.447470817120623,1.1673151750972763,0.38910505836575876,12.45136186770428,14.396887159533074,23.735408560311285,3.501945525291829,1.1673151750972763,0.0,0.38910505836575876,0.0,0.0,0.0,1.1673151750972763,0.0,79.76653696498055,1.1673151750972763,1.556420233463035,0.0,1.1673151750972763,17.133333333333333,4.159533073929961,0.4666666666666667,0.9333333333333333,0.0,15,Dificil
