Title,Por_Sinonimos,Por_Abreviaturas,Por_Siglas,Por_verbs,Infinitive_Verbs_number,Gerund_Verbs_number,Participle_Verbs_number,Determiners_number,Preposition_number,Noun,Por_Desconocidas,Por_Largas,Por_Superlativos,Por_Adverbios,Por_Simbolos,Mayusuculas_NoSiglas,Por_Inderterminados,Por_numeros,Por_complex,Por_muy_frecuentes,Por_frecuentes,Por_poco_frecuentes,Por_comillas,Por_Homo,Ratio_Palabra_Frases,Ratio_Caracteres_Palabra,Comas,puntos,punto_y_coma,N_sentences,Tipo
DemandaEmpleo,13.636363636363637,1.5151515151515151,0.0,16.161616161616163,5.3872053872053876,0.3367003367003367,2.0202020202020203,11.616161616161616,15.151515151515152,26.430976430976433,0.8417508417508418,2.1885521885521886,0.0,0.6734006734006734,1.0101010101010102,0.0,0.16835016835016836,0.0,0.0,86.1952861952862,0.5050505050505051,0.0,0.0,2.525252525252525,25.82608695652174,4.752525252525253,1.391304347826087,0.8695652173913043,0.043478260869565216,23,Facil
