Title,Por_Sinonimos,Por_Abreviaturas,Por_Siglas,Por_verbs,Infinitive_Verbs_number,Gerund_Verbs_number,Participle_Verbs_number,Determiners_number,Preposition_number,Noun,Por_Desconocidas,Por_Largas,Por_Superlativos,Por_Adverbios,Por_Simbolos,Mayusuculas_NoSiglas,Por_Inderterminados,Por_numeros,Por_complex,Por_muy_frecuentes,Por_frecuentes,Por_poco_frecuentes,Por_comillas,Por_Homo,Ratio_Palabra_Frases,Ratio_Caracteres_Palabra,Comas,puntos,punto_y_coma,N_sentences,Tipo
DerechoAbogadoOficio,10.76487252124646,0.9206798866855525,0.0708215297450425,15.793201133144477,4.745042492917847,0.56657223796034,1.9121813031161472,16.359773371104815,14.80169971671388,21.742209631728045,2.3371104815864023,1.7705382436260624,0.0,0.6373937677053825,1.0623229461756374,0.0,0.0,0.21246458923512748,0.0,90.01416430594901,0.42492917847025496,0.28328611898017,0.0,2.691218130311615,28.816326530612244,4.636685552407932,1.2448979591836735,0.7755102040816326,0.0,49,Facil
