Title,Por_Sinonimos,Por_Abreviaturas,Por_Siglas,Por_verbs,Infinitive_Verbs_number,Gerund_Verbs_number,Participle_Verbs_number,Determiners_number,Preposition_number,Noun,Por_Desconocidas,Por_Largas,Por_Superlativos,Por_Adverbios,Por_Simbolos,Mayusuculas_NoSiglas,Por_Inderterminados,Por_numeros,Por_complex,Por_muy_frecuentes,Por_frecuentes,Por_poco_frecuentes,Por_comillas,Por_Homo,Ratio_Palabra_Frases,Ratio_Caracteres_Palabra,Comas,puntos,punto_y_coma,N_sentences,Tipo
DocumentosSolicitarSubsidioDesempleo,8.704253214638971,1.1869436201780414,0.8902077151335311,10.880316518298715,3.1651829871414443,0.29673590504451036,1.2858555885262117,13.550939663699308,17.309594460929773,25.618199802176065,3.066271018793274,1.9782393669634026,0.0,0.0,4.648862512363996,0.0,0.0,0.7912957467853611,0.0,89.91097922848665,1.3847675568743818,0.7912957467853611,0.0,2.1760633036597428,37.44444444444444,4.7675568743818,1.2592592592592593,0.8888888888888888,0.0,27,Facil
