Title,Por_Sinonimos,Por_Abreviaturas,Por_Siglas,Por_verbs,Infinitive_Verbs_number,Gerund_Verbs_number,Participle_Verbs_number,Determiners_number,Preposition_number,Noun,Por_Desconocidas,Por_Largas,Por_Superlativos,Por_Adverbios,Por_Simbolos,Mayusuculas_NoSiglas,Por_Inderterminados,Por_numeros,Por_complex,Por_muy_frecuentes,Por_frecuentes,Por_poco_frecuentes,Por_comillas,Por_Homo,Ratio_Palabra_Frases,Ratio_Caracteres_Palabra,Comas,puntos,punto_y_coma,N_sentences,Tipo
InstalarActivarDNIElectronicoH,4.273504273504273,2.1367521367521367,3.0982905982905984,10.576923076923077,3.952991452991453,0.21367521367521367,1.6025641025641026,12.606837606837606,11.324786324786325,23.29059829059829,9.615384615384615,2.9914529914529915,0.0,0.7478632478632479,3.4188034188034186,0.0,0.0,1.2820512820512822,0.0,70.72649572649573,2.4572649572649574,4.914529914529915,0.42735042735042733,1.7094017094017093,30.193548387096776,4.798076923076923,1.032258064516129,1.0,0.03225806451612903,31,Dificil
