Title,Por_Sinonimos,Por_Abreviaturas,Por_Siglas,Por_verbs,Infinitive_Verbs_number,Gerund_Verbs_number,Participle_Verbs_number,Determiners_number,Preposition_number,Noun,Por_Desconocidas,Por_Largas,Por_Superlativos,Por_Adverbios,Por_Simbolos,Mayusuculas_NoSiglas,Por_Inderterminados,Por_numeros,Por_complex,Por_muy_frecuentes,Por_frecuentes,Por_poco_frecuentes,Por_comillas,Por_Homo,Ratio_Palabra_Frases,Ratio_Caracteres_Palabra,Comas,puntos,punto_y_coma,N_sentences,Tipo
PagarMultasTrafico,6.701030927835052,1.1597938144329898,1.1597938144329898,13.27319587628866,4.639175257731959,0.25773195876288657,0.6443298969072165,14.561855670103093,15.721649484536082,22.809278350515463,2.8350515463917527,1.8041237113402062,0.0,0.5154639175257731,0.25773195876288657,0.0,0.0,0.3865979381443299,0.0,85.30927835051547,1.675257731958763,1.0309278350515463,0.0,2.7061855670103094,25.866666666666667,4.434278350515464,0.5,1.0666666666666667,0.0,30,Facil
