Title,Por_Sinonimos,Por_Abreviaturas,Por_Siglas,Por_verbs,Infinitive_Verbs_number,Gerund_Verbs_number,Participle_Verbs_number,Determiners_number,Preposition_number,Noun,Por_Desconocidas,Por_Largas,Por_Superlativos,Por_Adverbios,Por_Simbolos,Mayusuculas_NoSiglas,Por_Inderterminados,Por_numeros,Por_complex,Por_muy_frecuentes,Por_frecuentes,Por_poco_frecuentes,Por_comillas,Por_Homo,Ratio_Palabra_Frases,Ratio_Caracteres_Palabra,Comas,puntos,punto_y_coma,N_sentences,Tipo
PrestacionDesempleoEREExtincionFacil,6.890459363957597,1.0600706713780919,0.8833922261484098,11.130742049469964,2.1201413427561837,0.0,2.65017667844523,14.487632508833922,15.371024734982333,24.73498233215548,2.65017667844523,0.8833922261484098,0.0,0.17667844522968199,3.3568904593639575,0.0,0.0,1.0600706713780919,0.0,82.68551236749117,0.7067137809187279,1.2367491166077738,0.0,2.1201413427561837,26.952380952380953,4.427561837455831,0.8571428571428571,0.9047619047619048,0.0,21,Facil
