Title,Por_Sinonimos,Por_Abreviaturas,Por_Siglas,Por_verbs,Infinitive_Verbs_number,Gerund_Verbs_number,Participle_Verbs_number,Determiners_number,Preposition_number,Noun,Por_Desconocidas,Por_Largas,Por_Superlativos,Por_Adverbios,Por_Simbolos,Mayusuculas_NoSiglas,Por_Inderterminados,Por_numeros,Por_complex,Por_muy_frecuentes,Por_frecuentes,Por_poco_frecuentes,Por_comillas,Por_Homo,Ratio_Palabra_Frases,Ratio_Caracteres_Palabra,Comas,puntos,punto_y_coma,N_sentences,Tipo
PrestaciónCeseActividadAutonomoFacil,7.308248914616498,1.2301013024602026,0.0,11.649782923299567,3.4008683068017365,0.6512301013024602,1.8813314037626627,13.386396526772794,16.063675832127352,23.154848046309695,4.2691751085383505,2.098408104196816,0.0,0.4341534008683068,1.6642547033285093,0.0,0.0,1.9536903039073805,0.0,89.65267727930535,1.0130246020260492,0.1447178002894356,0.0,2.460202604920405,24.678571428571427,4.753979739507959,1.0535714285714286,0.7857142857142857,0.0,56,Facil
