Title,Por_Sinonimos,Por_Abreviaturas,Por_Siglas,Por_verbs,Infinitive_Verbs_number,Gerund_Verbs_number,Participle_Verbs_number,Determiners_number,Preposition_number,Noun,Por_Desconocidas,Por_Largas,Por_Superlativos,Por_Adverbios,Por_Simbolos,Mayusuculas_NoSiglas,Por_Inderterminados,Por_numeros,Por_complex,Por_muy_frecuentes,Por_frecuentes,Por_poco_frecuentes,Por_comillas,Por_Homo,Ratio_Palabra_Frases,Ratio_Caracteres_Palabra,Comas,puntos,punto_y_coma,N_sentences,Tipo
RetornoVoluntarioH,8.488458674609085,2.4571854058078926,0.22338049143708116,8.265078183172003,2.084884586746091,0.22338049143708116,2.2338049143708116,11.839166046165301,17.795979151154132,25.09307520476545,4.7654504839910645,4.095309009679822,0.0,0.37230081906180196,1.2658227848101267,0.0,0.0,1.1169024571854058,0.0,88.1608339538347,1.1913626209977661,0.8190618019359642,0.0,1.712583767684289,35.3421052631579,5.489203276247208,1.6842105263157894,1.0526315789473684,0.05263157894736842,38,Dificil
