Title,Por_Sinonimos,Por_Abreviaturas,Por_Siglas,Por_verbs,Infinitive_Verbs_number,Gerund_Verbs_number,Participle_Verbs_number,Determiners_number,Preposition_number,Noun,Por_Desconocidas,Por_Largas,Por_Superlativos,Por_Adverbios,Por_Simbolos,Mayusuculas_NoSiglas,Por_Inderterminados,Por_numeros,Por_complex,Por_muy_frecuentes,Por_frecuentes,Por_poco_frecuentes,Por_comillas,Por_Homo,Ratio_Palabra_Frases,Ratio_Caracteres_Palabra,Comas,puntos,punto_y_coma,N_sentences,Tipo
TarjetaSanitariaEuropea,15.655430711610487,1.2734082397003745,0.299625468164794,12.734082397003744,4.044943820224719,0.2247191011235955,1.1235955056179776,12.958801498127341,12.958801498127341,21.273408239700373,5.093632958801498,4.269662921348314,0.0,0.8239700374531835,1.4981273408239701,0.0,0.0,0.7490636704119851,0.0,88.23970037453184,1.198501872659176,1.1235955056179776,0.0,2.0224719101123596,28.404255319148938,5.12059925093633,1.7659574468085106,1.0,0.0,47,Facil
