Title,Por_Sinonimos,Por_Abreviaturas,Por_Siglas,Por_verbs,Infinitive_Verbs_number,Gerund_Verbs_number,Participle_Verbs_number,Determiners_number,Preposition_number,Noun,Por_Desconocidas,Por_Largas,Por_Superlativos,Por_Adverbios,Por_Simbolos,Mayusuculas_NoSiglas,Por_Inderterminados,Por_numeros,Por_complex,Por_muy_frecuentes,Por_frecuentes,Por_poco_frecuentes,Por_comillas,Por_Homo,Ratio_Palabra_Frases,Ratio_Caracteres_Palabra,Comas,puntos,punto_y_coma,N_sentences,Tipo
VidaLaboralFacil,7.070063694267516,0.7006369426751592,0.7643312101910829,12.86624203821656,3.694267515923567,0.25477707006369427,1.019108280254777,14.522292993630574,14.840764331210192,22.484076433121018,3.821656050955414,2.929936305732484,0.0,0.5732484076433121,1.8471337579617835,0.0,0.0,1.2101910828025477,0.0,87.38853503184713,1.1464968152866242,0.9554140127388535,0.0,1.78343949044586,22.428571428571427,4.646496815286624,0.9142857142857143,0.9714285714285714,0.0,70,Facil
