Title,Por_Sinonimos,Por_Abreviaturas,Por_Siglas,Por_verbs,Infinitive_Verbs_number,Gerund_Verbs_number,Participle_Verbs_number,Determiners_number,Preposition_number,Noun,Por_Desconocidas,Por_Largas,Por_Superlativos,Por_Adverbios,Por_Simbolos,Mayusuculas_NoSiglas,Por_Inderterminados,Por_numeros,Por_complex,Por_muy_frecuentes,Por_frecuentes,Por_poco_frecuentes,Por_comillas,Por_Homo,Ratio_Palabra_Frases,Ratio_Caracteres_Palabra,Comas,puntos,punto_y_coma,N_sentences,Tipo
AbogadosLaboristasAsesoramiento,4.7560975609756095,1.2195121951219512,0.12195121951219512,15.731707317073171,3.902439024390244,0.4878048780487805,2.1951219512195124,14.75609756097561,14.024390243902438,23.78048780487805,0.4878048780487805,2.1951219512195124,0.0,0.4878048780487805,0.8536585365853658,0.0,0.0,0.0,0.0,89.02439024390245,0.36585365853658536,0.6097560975609756,0.0,2.1951219512195124,35.30434782608695,4.86219512195122,1.434782608695652,0.9565217391304348,0.0,23,Facil
