Title,Por_Sinonimos,Por_Abreviaturas,Por_Siglas,Por_verbs,Infinitive_Verbs_number,Gerund_Verbs_number,Participle_Verbs_number,Determiners_number,Preposition_number,Noun,Por_Desconocidas,Por_Largas,Por_Superlativos,Por_Adverbios,Por_Simbolos,Mayusuculas_NoSiglas,Por_Inderterminados,Por_numeros,Por_complex,Por_muy_frecuentes,Por_frecuentes,Por_poco_frecuentes,Por_comillas,Por_Homo,Ratio_Palabra_Frases,Ratio_Caracteres_Palabra,Comas,puntos,punto_y_coma,N_sentences,Tipo
AyudasParadosLargaDuracionFacil,2.8703703703703702,1.1111111111111112,2.5925925925925926,11.203703703703704,2.7777777777777777,0.09259259259259259,2.2222222222222223,12.5,15.185185185185185,24.814814814814813,2.314814814814815,2.962962962962963,0.0,0.37037037037037035,4.074074074074074,0.37037037037037035,0.0,1.2037037037037037,0.0,93.33333333333333,0.09259259259259259,0.7407407407407407,0.0,2.962962962962963,39.03333333333333,4.9907407407407405,1.0333333333333334,0.9,0.0,30,Facil
