Title,Por_Sinonimos,Por_Abreviaturas,Por_Siglas,Por_verbs,Infinitive_Verbs_number,Gerund_Verbs_number,Participle_Verbs_number,Determiners_number,Preposition_number,Noun,Por_Desconocidas,Por_Largas,Por_Superlativos,Por_Adverbios,Por_Simbolos,Mayusuculas_NoSiglas,Por_Inderterminados,Por_numeros,Por_complex,Por_muy_frecuentes,Por_frecuentes,Por_poco_frecuentes,Por_comillas,Por_Homo,Ratio_Palabra_Frases,Ratio_Caracteres_Palabra,Comas,puntos,punto_y_coma,N_sentences,Tipo
AyudasDespuesParo,3.3557046979865772,1.5659955257270695,0.33557046979865773,12.080536912751677,1.2304250559284116,0.22371364653243847,2.796420581655481,10.51454138702461,14.5413870246085,23.37807606263982,3.243847874720358,3.0201342281879193,0.0,0.33557046979865773,2.1252796420581657,0.33557046979865773,0.0,2.1252796420581657,0.0,90.04474272930649,0.22371364653243847,0.22371364653243847,0.0,2.684563758389262,22.325581395348838,5.278523489932886,0.9069767441860465,0.9302325581395349,0.0,43,Facil
