Title,Por_Sinonimos,Por_Abreviaturas,Por_Siglas,Por_verbs,Infinitive_Verbs_number,Gerund_Verbs_number,Participle_Verbs_number,Determiners_number,Preposition_number,Noun,Por_Desconocidas,Por_Largas,Por_Superlativos,Por_Adverbios,Por_Simbolos,Mayusuculas_NoSiglas,Por_Inderterminados,Por_numeros,Por_complex,Por_muy_frecuentes,Por_frecuentes,Por_poco_frecuentes,Por_comillas,Por_Homo,Ratio_Palabra_Frases,Ratio_Caracteres_Palabra,Comas,puntos,punto_y_coma,N_sentences,Tipo
CertificadoFacilH,4.3478260869565215,0.7608695652173914,2.1739130434782608,14.565217391304348,4.239130434782608,0.8695652173913043,1.6304347826086956,14.021739130434783,14.565217391304348,24.891304347826086,3.5869565217391304,0.7608695652173914,0.0,0.6521739130434783,1.8478260869565217,0.8695652173913043,0.0,1.4130434782608696,0.0,80.97826086956522,0.10869565217391304,0.43478260869565216,0.0,2.5,19.382978723404257,4.589130434782609,0.40425531914893614,0.9574468085106383,0.0,47,Dificil
