Title,Por_Sinonimos,Por_Abreviaturas,Por_Siglas,Por_verbs,Infinitive_Verbs_number,Gerund_Verbs_number,Participle_Verbs_number,Determiners_number,Preposition_number,Noun,Por_Desconocidas,Por_Largas,Por_Superlativos,Por_Adverbios,Por_Simbolos,Mayusuculas_NoSiglas,Por_Inderterminados,Por_numeros,Por_complex,Por_muy_frecuentes,Por_frecuentes,Por_poco_frecuentes,Por_comillas,Por_Homo,Ratio_Palabra_Frases,Ratio_Caracteres_Palabra,Comas,puntos,punto_y_coma,N_sentences,Tipo
CertificadoMatrimonioWeb,7.181136120042872,0.9646302250803859,0.10718113612004287,15.058949624866024,4.340836012861736,0.3215434083601286,2.465166130760986,13.07609860664523,13.665594855305466,21.543408360128616,0.8038585209003215,2.1436227224008575,0.0,0.5359056806002144,1.5005359056806002,0.1607717041800643,0.0,0.37513397642015006,0.0,83.2261521972133,0.6966773847802786,1.1789924973204715,0.0,2.304394426580922,21.75,4.804394426580922,0.7380952380952381,1.0,0.0,84,Facil
