Title,Por_Sinonimos,Por_Abreviaturas,Por_Siglas,Por_verbs,Infinitive_Verbs_number,Gerund_Verbs_number,Participle_Verbs_number,Determiners_number,Preposition_number,Noun,Por_Desconocidas,Por_Largas,Por_Superlativos,Por_Adverbios,Por_Simbolos,Mayusuculas_NoSiglas,Por_Inderterminados,Por_numeros,Por_complex,Por_muy_frecuentes,Por_frecuentes,Por_poco_frecuentes,Por_comillas,Por_Homo,Ratio_Palabra_Frases,Ratio_Caracteres_Palabra,Comas,puntos,punto_y_coma,N_sentences,Tipo
CitaPreviaRenovarDNIPasaporte,2.4498886414253898,1.55902004454343,1.447661469933185,16.146993318485524,6.124721603563474,0.6681514476614699,1.55902004454343,13.251670378619155,13.585746102449889,20.378619153674833,2.6726057906458798,1.3363028953229399,0.0,0.44543429844098,1.8930957683741647,0.44543429844098,0.0,0.89086859688196,0.0,81.62583518930958,0.111358574610245,2.115812917594655,0.0,2.89532293986637,26.264705882352942,4.420935412026726,0.9411764705882353,1.0,0.0,34,Facil
