Title,Por_Sinonimos,Por_Abreviaturas,Por_Siglas,Por_verbs,Infinitive_Verbs_number,Gerund_Verbs_number,Participle_Verbs_number,Determiners_number,Preposition_number,Noun,Por_Desconocidas,Por_Largas,Por_Superlativos,Por_Adverbios,Por_Simbolos,Mayusuculas_NoSiglas,Por_Inderterminados,Por_numeros,Por_complex,Por_muy_frecuentes,Por_frecuentes,Por_poco_frecuentes,Por_comillas,Por_Homo,Ratio_Palabra_Frases,Ratio_Caracteres_Palabra,Comas,puntos,punto_y_coma,N_sentences,Tipo
ConsultarDevolucionDeRenta,3.9254170755642788,0.9813542688910697,0.2944062806673209,16.977428851815507,4.317958783120707,0.39254170755642787,3.5328753680078506,17.07556427870461,13.444553483807654,22.080471050049066,1.2757605495583906,2.2571148184494603,0.0,0.5888125613346418,0.8832188420019627,0.09813542688910697,0.19627085377821393,0.7850834151128557,0.0,87.83120706575073,0.09813542688910697,0.7850834151128557,0.0,3.5328753680078506,30.848484848484848,4.774288518155054,1.0909090909090908,1.0606060606060606,0.030303030303030304,33,Facil
