Title,Por_Sinonimos,Por_Abreviaturas,Por_Siglas,Por_verbs,Infinitive_Verbs_number,Gerund_Verbs_number,Participle_Verbs_number,Determiners_number,Preposition_number,Noun,Por_Desconocidas,Por_Largas,Por_Superlativos,Por_Adverbios,Por_Simbolos,Mayusuculas_NoSiglas,Por_Inderterminados,Por_numeros,Por_complex,Por_muy_frecuentes,Por_frecuentes,Por_poco_frecuentes,Por_comillas,Por_Homo,Ratio_Palabra_Frases,Ratio_Caracteres_Palabra,Comas,puntos,punto_y_coma,N_sentences,Tipo
CosteDefensaJuicioLaboral,5.51912568306011,1.092896174863388,0.1092896174863388,16.830601092896174,6.229508196721311,0.273224043715847,1.639344262295082,16.885245901639344,12.6775956284153,21.584699453551913,0.4918032786885246,1.4207650273224044,0.0,0.546448087431694,0.3825136612021858,0.4918032786885246,0.0546448087431694,0.32786885245901637,0.0,89.50819672131148,0.2185792349726776,0.4918032786885246,0.0,2.5136612021857925,25.63888888888889,4.560109289617486,1.2777777777777777,0.9722222222222222,0.0,72,Facil
