Title,Por_Sinonimos,Por_Abreviaturas,Por_Siglas,Por_verbs,Infinitive_Verbs_number,Gerund_Verbs_number,Participle_Verbs_number,Determiners_number,Preposition_number,Noun,Por_Desconocidas,Por_Largas,Por_Superlativos,Por_Adverbios,Por_Simbolos,Mayusuculas_NoSiglas,Por_Inderterminados,Por_numeros,Por_complex,Por_muy_frecuentes,Por_frecuentes,Por_poco_frecuentes,Por_comillas,Por_Homo,Ratio_Palabra_Frases,Ratio_Caracteres_Palabra,Comas,puntos,punto_y_coma,N_sentences,Tipo
CurriculumEuropeo,4.596100278551532,0.8356545961002786,1.6713091922005572,14.345403899721449,3.8997214484679668,0.0,2.0891364902506964,16.295264623955433,14.345403899721449,23.81615598885794,0.5571030640668524,1.8105849582172702,0.0,0.8356545961002786,1.8105849582172702,0.0,0.0,0.0,0.0,109.05292479108635,1.2534818941504178,1.1142061281337048,0.0,2.367688022284123,31.96551724137931,4.788300835654596,0.5172413793103449,0.6551724137931034,0.4827586206896552,29,Facil
