Title,Por_Sinonimos,Por_Abreviaturas,Por_Siglas,Por_verbs,Infinitive_Verbs_number,Gerund_Verbs_number,Participle_Verbs_number,Determiners_number,Preposition_number,Noun,Por_Desconocidas,Por_Largas,Por_Superlativos,Por_Adverbios,Por_Simbolos,Mayusuculas_NoSiglas,Por_Inderterminados,Por_numeros,Por_complex,Por_muy_frecuentes,Por_frecuentes,Por_poco_frecuentes,Por_comillas,Por_Homo,Ratio_Palabra_Frases,Ratio_Caracteres_Palabra,Comas,puntos,punto_y_coma,N_sentences,Tipo
DocumentacionPedirParoH,3.0690537084398977,1.0230179028132993,0.5115089514066496,12.531969309462916,4.092071611253197,0.2557544757033248,2.0460358056265986,10.997442455242966,17.391304347826086,27.365728900255753,1.5345268542199488,2.813299232736573,0.0,0.2557544757033248,2.3017902813299234,0.2557544757033248,0.0,0.0,0.0,92.32736572890026,0.0,1.278772378516624,0.0,1.0230179028132993,34.583333333333336,5.406649616368286,0.8333333333333334,1.1666666666666667,0.0,12,Dificil
