Title,Por_Sinonimos,Por_Abreviaturas,Por_Siglas,Por_verbs,Infinitive_Verbs_number,Gerund_Verbs_number,Participle_Verbs_number,Determiners_number,Preposition_number,Noun,Por_Desconocidas,Por_Largas,Por_Superlativos,Por_Adverbios,Por_Simbolos,Mayusuculas_NoSiglas,Por_Inderterminados,Por_numeros,Por_complex,Por_muy_frecuentes,Por_frecuentes,Por_poco_frecuentes,Por_comillas,Por_Homo,Ratio_Palabra_Frases,Ratio_Caracteres_Palabra,Comas,puntos,punto_y_coma,N_sentences,Tipo
IPREM2019Facil,2.75049115913556,0.5893909626719057,2.9469548133595285,9.037328094302554,1.1787819253438114,0.0,2.161100196463654,15.520628683693516,12.573673870333987,18.074656188605108,15.520628683693516,4.12573673870334,0.0,0.19646365422396855,4.322200392927308,0.0,0.0,2.9469548133595285,0.0,80.35363457760315,0.19646365422396855,0.7858546168958742,0.0,2.161100196463654,38.266666666666666,5.019646365422397,2.3333333333333335,0.8,0.0,15,Facil
