Title,Por_Sinonimos,Por_Abreviaturas,Por_Siglas,Por_verbs,Infinitive_Verbs_number,Gerund_Verbs_number,Participle_Verbs_number,Determiners_number,Preposition_number,Noun,Por_Desconocidas,Por_Largas,Por_Superlativos,Por_Adverbios,Por_Simbolos,Mayusuculas_NoSiglas,Por_Inderterminados,Por_numeros,Por_complex,Por_muy_frecuentes,Por_frecuentes,Por_poco_frecuentes,Por_comillas,Por_Homo,Ratio_Palabra_Frases,Ratio_Caracteres_Palabra,Comas,puntos,punto_y_coma,N_sentences,Tipo
PrestacionMaternidadH,3.1476997578692494,3.1476997578692494,0.7263922518159807,14.285714285714286,2.9055690072639226,1.2106537530266344,1.937046004842615,15.738498789346247,16.949152542372882,28.329297820823246,0.24213075060532688,2.179176755447942,0.0,0.0,1.4527845036319613,0.48426150121065376,0.0,0.0,0.0,95.15738498789347,0.24213075060532688,1.2106537530266344,0.0,1.4527845036319613,36.583333333333336,5.261501210653753,1.6666666666666667,1.0,0.0,12,Dificil
