Title,Por_Sinonimos,Por_Abreviaturas,Por_Siglas,Por_verbs,Infinitive_Verbs_number,Gerund_Verbs_number,Participle_Verbs_number,Determiners_number,Preposition_number,Noun,Por_Desconocidas,Por_Largas,Por_Superlativos,Por_Adverbios,Por_Simbolos,Mayusuculas_NoSiglas,Por_Inderterminados,Por_numeros,Por_complex,Por_muy_frecuentes,Por_frecuentes,Por_poco_frecuentes,Por_comillas,Por_Homo,Ratio_Palabra_Frases,Ratio_Caracteres_Palabra,Comas,puntos,punto_y_coma,N_sentences,Tipo
SolicitarBorradorDeclaracionRenta,2.857142857142857,1.3756613756613756,0.9523809523809523,14.074074074074074,5.608465608465608,0.10582010582010581,1.693121693121693,15.873015873015873,13.544973544973544,21.798941798941797,3.492063492063492,2.433862433862434,0.0,0.21164021164021163,1.4814814814814814,0.21164021164021163,0.0,1.7989417989417988,0.0,85.71428571428571,0.10582010582010581,0.8465608465608465,0.0,3.2804232804232805,26.944444444444443,4.556613756613757,0.9722222222222222,1.0,0.0,36,Facil
