Title,Por_Sinonimos,Por_Abreviaturas,Por_Siglas,Por_verbs,Infinitive_Verbs_number,Gerund_Verbs_number,Participle_Verbs_number,Determiners_number,Preposition_number,Noun,Por_Desconocidas,Por_Largas,Por_Superlativos,Por_Adverbios,Por_Simbolos,Mayusuculas_NoSiglas,Por_Inderterminados,Por_numeros,Por_complex,Por_muy_frecuentes,Por_frecuentes,Por_poco_frecuentes,Por_comillas,Por_Homo,Ratio_Palabra_Frases,Ratio_Caracteres_Palabra,Comas,puntos,punto_y_coma,N_sentences,Tipo
VidaLaboralFacil,2.2929936305732483,0.7006369426751592,0.8280254777070064,12.929936305732484,3.694267515923567,0.25477707006369427,1.019108280254777,14.522292993630574,14.840764331210192,24.585987261146496,1.5286624203821657,2.929936305732484,0.0,0.5732484076433121,1.8471337579617835,0.5732484076433121,0.0,1.2101910828025477,0.0,88.21656050955414,0.3184713375796178,0.9554140127388535,0.0,1.78343949044586,23.12857142857143,4.646496815286624,0.9142857142857143,0.9714285714285714,0.0,70,Facil
