Title,Por_Sinonimos,Por_Abreviaturas,Por_Siglas,Por_verbs,Infinitive_Verbs_number,Gerund_Verbs_number,Participle_Verbs_number,Determiners_number,Preposition_number,Noun,Por_Desconocidas,Por_Largas,Por_Superlativos,Por_Adverbios,Por_Simbolos,Mayusuculas_NoSiglas,Por_Inderterminados,Por_numeros,Por_complex,Por_muy_frecuentes,Por_frecuentes,Por_poco_frecuentes,Por_comillas,Por_Homo,Ratio_Palabra_Frases,Ratio_Caracteres_Palabra,Comas,puntos,punto_y_coma,N_sentences,Tipo
AdministraciónPúblicaElectrónicaH,4.393305439330544,0.20920502092050208,0.0,7.7405857740585775,1.6736401673640167,0.6276150627615062,1.8828451882845187,16.10878661087866,15.481171548117155,21.548117154811717,5.439330543933054,5.648535564853557,0.0,0.41841004184100417,1.2552301255230125,0.0,0.0,0.20920502092050208,0.0,96.23430962343096,0.41841004184100417,1.0460251046025104,0.0,1.8828451882845187,31.866666666666667,5.374476987447698,1.5333333333333334,0.9333333333333333,0.06666666666666667,15,Dificil
