Title,Por_Sinonimos,Por_Abreviaturas,Por_Siglas,Por_verbs,Infinitive_Verbs_number,Gerund_Verbs_number,Participle_Verbs_number,Determiners_number,Preposition_number,Noun,Por_Desconocidas,Por_Largas,Por_Superlativos,Por_Adverbios,Por_Simbolos,Mayusuculas_NoSiglas,Por_Inderterminados,Por_numeros,Por_complex,Por_muy_frecuentes,Por_frecuentes,Por_poco_frecuentes,Por_comillas,Por_Homo,Ratio_Palabra_Frases,Ratio_Caracteres_Palabra,Comas,puntos,punto_y_coma,N_sentences,Tipo
AutocalculoPrestacionesParo,7.704918032786885,1.4754098360655739,0.16393442622950818,15.40983606557377,4.426229508196721,0.4918032786885246,1.639344262295082,15.40983606557377,13.934426229508198,22.295081967213115,2.622950819672131,1.1475409836065573,0.0,0.32786885245901637,1.8032786885245902,0.0,0.0,0.819672131147541,0.0,84.75409836065573,0.819672131147541,1.1475409836065573,0.0,3.1147540983606556,33.888888888888886,4.537704918032787,1.6111111111111112,0.8333333333333334,0.0,18,Facil
