Title,Por_Sinonimos,Por_Abreviaturas,Por_Siglas,Por_verbs,Infinitive_Verbs_number,Gerund_Verbs_number,Participle_Verbs_number,Determiners_number,Preposition_number,Noun,Por_Desconocidas,Por_Largas,Por_Superlativos,Por_Adverbios,Por_Simbolos,Mayusuculas_NoSiglas,Por_Inderterminados,Por_numeros,Por_complex,Por_muy_frecuentes,Por_frecuentes,Por_poco_frecuentes,Por_comillas,Por_Homo,Ratio_Palabra_Frases,Ratio_Caracteres_Palabra,Comas,puntos,punto_y_coma,N_sentences,Tipo
AyudasEmigrantesRetornados,8.84255930984903,0.5751258087706685,0.7907979870596693,13.731128684399712,4.529115744069015,0.21567217828900073,2.7318475916606757,12.07764198418404,15.815959741193385,23.867721063982746,4.888569374550683,1.6534867002156721,0.0,0.07189072609633357,2.0848310567936736,0.0,0.0,2.3723939611790077,0.0,86.84399712437096,2.300503235082674,0.503235082674335,0.0,3.0913012221423437,25.29090909090909,4.951114306254493,1.3818181818181818,0.9636363636363636,0.0,55,Facil
