Title,Por_Sinonimos,Por_Abreviaturas,Por_Siglas,Por_verbs,Infinitive_Verbs_number,Gerund_Verbs_number,Participle_Verbs_number,Determiners_number,Preposition_number,Noun,Por_Desconocidas,Por_Largas,Por_Superlativos,Por_Adverbios,Por_Simbolos,Mayusuculas_NoSiglas,Por_Inderterminados,Por_numeros,Por_complex,Por_muy_frecuentes,Por_frecuentes,Por_poco_frecuentes,Por_comillas,Por_Homo,Ratio_Palabra_Frases,Ratio_Caracteres_Palabra,Comas,puntos,punto_y_coma,N_sentences,Tipo
CertificadoRetencionesIRPF2019Facil,4.722222222222222,1.8055555555555556,2.9166666666666665,14.444444444444445,3.1944444444444446,0.2777777777777778,1.8055555555555556,14.444444444444445,14.583333333333334,22.083333333333332,4.722222222222222,1.8055555555555556,0.0,0.2777777777777778,3.611111111111111,0.0,0.0,2.2222222222222223,0.0,85.27777777777777,0.9722222222222222,2.9166666666666665,0.0,3.0555555555555554,31.304347826086957,4.523611111111111,1.2608695652173914,1.0434782608695652,0.0,23,Facil
