Title,Por_Sinonimos,Por_Abreviaturas,Por_Siglas,Por_verbs,Infinitive_Verbs_number,Gerund_Verbs_number,Participle_Verbs_number,Determiners_number,Preposition_number,Noun,Por_Desconocidas,Por_Largas,Por_Superlativos,Por_Adverbios,Por_Simbolos,Mayusuculas_NoSiglas,Por_Inderterminados,Por_numeros,Por_complex,Por_muy_frecuentes,Por_frecuentes,Por_poco_frecuentes,Por_comillas,Por_Homo,Ratio_Palabra_Frases,Ratio_Caracteres_Palabra,Comas,puntos,punto_y_coma,N_sentences,Tipo
CitaPreviaServicioSanitarioSaludAndaluz,5.248618784530387,1.6574585635359116,2.0718232044198897,12.98342541436464,4.558011049723757,0.5524861878453039,1.3812154696132597,14.3646408839779,12.430939226519337,20.165745856353592,3.453038674033149,1.5193370165745856,0.0,0.5524861878453039,0.9668508287292817,0.0,0.0,1.1049723756906078,0.0,81.9060773480663,2.4861878453038675,1.5193370165745856,0.0,2.3480662983425415,27.846153846153847,4.470994475138122,1.4230769230769231,0.9615384615384616,0.0,26,Facil
