Title,Por_Sinonimos,Por_Abreviaturas,Por_Siglas,Por_verbs,Infinitive_Verbs_number,Gerund_Verbs_number,Participle_Verbs_number,Determiners_number,Preposition_number,Noun,Por_Desconocidas,Por_Largas,Por_Superlativos,Por_Adverbios,Por_Simbolos,Mayusuculas_NoSiglas,Por_Inderterminados,Por_numeros,Por_complex,Por_muy_frecuentes,Por_frecuentes,Por_poco_frecuentes,Por_comillas,Por_Homo,Ratio_Palabra_Frases,Ratio_Caracteres_Palabra,Comas,puntos,punto_y_coma,N_sentences,Tipo
CitaPreviaSeguridadSocial,6.7164179104477615,1.3992537313432836,0.2798507462686567,14.645522388059701,4.850746268656716,0.1865671641791045,1.585820895522388,13.246268656716419,11.940298507462687,21.082089552238806,5.037313432835821,1.8656716417910448,0.0,0.373134328358209,1.0261194029850746,0.0,0.0,1.7723880597014925,0.0,84.04850746268657,1.212686567164179,2.798507462686567,0.0,1.958955223880597,26.146341463414632,4.726679104477612,0.5609756097560976,0.975609756097561,0.0,41,Facil
