Title,Por_Sinonimos,Por_Abreviaturas,Por_Siglas,Por_verbs,Infinitive_Verbs_number,Gerund_Verbs_number,Participle_Verbs_number,Determiners_number,Preposition_number,Noun,Por_Desconocidas,Por_Largas,Por_Superlativos,Por_Adverbios,Por_Simbolos,Mayusuculas_NoSiglas,Por_Inderterminados,Por_numeros,Por_complex,Por_muy_frecuentes,Por_frecuentes,Por_poco_frecuentes,Por_comillas,Por_Homo,Ratio_Palabra_Frases,Ratio_Caracteres_Palabra,Comas,puntos,punto_y_coma,N_sentences,Tipo
CobrarParoEnExtranjero,16.40356897735072,1.029512697323267,0.27453671928620454,15.648592999313658,4.529855868222374,0.7549759780370625,1.578586135895676,15.09951956074125,15.579958819492107,22.649279341111875,2.40219629375429,1.509951956074125,0.0,0.27453671928620454,1.6472203157172272,0.0,0.0,0.8236101578586136,0.0,86.68496911461908,0.8236101578586136,0.4118050789293068,0.0,3.980782429649966,28.568627450980394,4.6019217570350035,1.196078431372549,0.9019607843137255,0.0,51,Facil
