Title,Por_Sinonimos,Por_Abreviaturas,Por_Siglas,Por_verbs,Infinitive_Verbs_number,Gerund_Verbs_number,Participle_Verbs_number,Determiners_number,Preposition_number,Noun,Por_Desconocidas,Por_Largas,Por_Superlativos,Por_Adverbios,Por_Simbolos,Mayusuculas_NoSiglas,Por_Inderterminados,Por_numeros,Por_complex,Por_muy_frecuentes,Por_frecuentes,Por_poco_frecuentes,Por_comillas,Por_Homo,Ratio_Palabra_Frases,Ratio_Caracteres_Palabra,Comas,puntos,punto_y_coma,N_sentences,Tipo
CobrarParoPluriempleo,10.053859964093357,0.4189108318372232,0.0,14.602034709754639,3.0520646319569122,1.2567324955116697,1.4961101137043686,15.679233991621784,15.26032315978456,19.988031119090365,3.53081986834231,0.8976660682226212,0.0,0.4189108318372232,0.3590664272890485,0.0,0.0,1.2567324955116697,0.0,88.68940754039497,0.6582884500299222,0.17953321364452424,0.0,4.189108318372233,28.810344827586206,4.3453022142429685,1.4137931034482758,0.9482758620689655,0.0,58,Facil
