Title,Por_Sinonimos,Por_Abreviaturas,Por_Siglas,Por_verbs,Infinitive_Verbs_number,Gerund_Verbs_number,Participle_Verbs_number,Determiners_number,Preposition_number,Noun,Por_Desconocidas,Por_Largas,Por_Superlativos,Por_Adverbios,Por_Simbolos,Mayusuculas_NoSiglas,Por_Inderterminados,Por_numeros,Por_complex,Por_muy_frecuentes,Por_frecuentes,Por_poco_frecuentes,Por_comillas,Por_Homo,Ratio_Palabra_Frases,Ratio_Caracteres_Palabra,Comas,puntos,punto_y_coma,N_sentences,Tipo
CoordinacionServiciosAutonomicosEmpleo,13.150147203140333,0.19627085377821393,0.5888125613346418,15.112855740922473,3.336604514229637,1.1776251226692835,1.5701668302257115,16.388616290480865,15.21099116781158,19.136408243375858,3.2384690873405297,3.7291462217860647,0.0,0.2944062806673209,1.3738959764474976,0.0,0.0,0.0,0.0,93.42492639842983,1.1776251226692835,0.6869479882237488,0.0,2.4533856722276743,39.19230769230769,5.09224730127576,2.1538461538461537,0.8461538461538461,0.038461538461538464,26,Facil
