Title,Por_Sinonimos,Por_Abreviaturas,Por_Siglas,Por_verbs,Infinitive_Verbs_number,Gerund_Verbs_number,Participle_Verbs_number,Determiners_number,Preposition_number,Noun,Por_Desconocidas,Por_Largas,Por_Superlativos,Por_Adverbios,Por_Simbolos,Mayusuculas_NoSiglas,Por_Inderterminados,Por_numeros,Por_complex,Por_muy_frecuentes,Por_frecuentes,Por_poco_frecuentes,Por_comillas,Por_Homo,Ratio_Palabra_Frases,Ratio_Caracteres_Palabra,Comas,puntos,punto_y_coma,N_sentences,Tipo
guia_autoayuda_para_manejar_las_emociones,23.309335536409773,1.3808568393721232,0.0,14.186238640387112,4.661867107281955,0.7671426885400685,1.852944647704473,14.044612297887406,12.817183996223298,22.329753334120145,1.5578897674967545,1.7821314764546206,0.0,0.4602856131240411,1.8883512333293992,0.0,0.02360439041661749,0.5192965891655849,0.0,84.32668476336599,1.203823911247492,1.0858019591644046,0.0,2.1598017231205002,31.036630036630036,5.175026554939219,2.065934065934066,0.9706959706959707,0.08791208791208792,273,Dificil
