Title,Por_Sinonimos,Por_Abreviaturas,Por_Siglas,Por_verbs,Infinitive_Verbs_number,Gerund_Verbs_number,Participle_Verbs_number,Determiners_number,Preposition_number,Noun,Por_Desconocidas,Por_Largas,Por_Superlativos,Por_Adverbios,Por_Simbolos,Mayusuculas_NoSiglas,Por_Inderterminados,Por_numeros,Por_complex,Por_muy_frecuentes,Por_frecuentes,Por_poco_frecuentes,Por_comillas,Por_Homo,Ratio_Palabra_Frases,Ratio_Caracteres_Palabra,Comas,puntos,punto_y_coma,N_sentences,Tipo
OficinaVirtualEmpleoFacil,5.182926829268292,1.0670731707317074,0.9146341463414634,11.890243902439025,4.573170731707317,0.0,1.524390243902439,13.262195121951219,14.329268292682928,22.103658536585368,6.7073170731707314,4.2682926829268295,0.0,0.0,4.115853658536586,0.0,0.0,1.0670731707317074,0.0,94.51219512195122,0.9146341463414634,1.3719512195121952,0.0,2.7439024390243905,14.909090909090908,5.464939024390244,0.6363636363636364,0.9772727272727273,0.022727272727272728,44,Facil
