Title,Por_Sinonimos,Por_Abreviaturas,Por_Siglas,Por_verbs,Infinitive_Verbs_number,Gerund_Verbs_number,Participle_Verbs_number,Determiners_number,Preposition_number,Noun,Por_Desconocidas,Por_Largas,Por_Superlativos,Por_Adverbios,Por_Simbolos,Mayusuculas_NoSiglas,Por_Inderterminados,Por_numeros,Por_complex,Por_muy_frecuentes,Por_frecuentes,Por_poco_frecuentes,Por_comillas,Por_Homo,Ratio_Palabra_Frases,Ratio_Caracteres_Palabra,Comas,puntos,punto_y_coma,N_sentences,Tipo
PagarMultasTraficoH,5.339265850945495,1.668520578420467,0.0,12.458286985539488,3.781979977753059,0.44493882091212456,0.8898776418242491,14.46051167964405,16.35150166852058,20.912124582869854,4.560622914349277,1.4460511679644048,0.0,0.22246941045606228,0.8898776418242491,0.0,0.0,1.2235817575083425,0.0,78.1979977753059,1.7797552836484982,1.2235817575083425,0.0,2.8921023359288096,20.431818181818183,4.117908787541713,0.9090909090909091,0.9318181818181818,0.0,44,Dificil
