Title,Por_Sinonimos,Por_Abreviaturas,Por_Siglas,Por_verbs,Infinitive_Verbs_number,Gerund_Verbs_number,Participle_Verbs_number,Determiners_number,Preposition_number,Noun,Por_Desconocidas,Por_Largas,Por_Superlativos,Por_Adverbios,Por_Simbolos,Mayusuculas_NoSiglas,Por_Inderterminados,Por_numeros,Por_complex,Por_muy_frecuentes,Por_frecuentes,Por_poco_frecuentes,Por_comillas,Por_Homo,Ratio_Palabra_Frases,Ratio_Caracteres_Palabra,Comas,puntos,punto_y_coma,N_sentences,Tipo
ParoPrimeraVezH,9.495798319327731,3.5294117647058822,0.08403361344537816,9.915966386554622,0.8403361344537815,0.25210084033613445,3.277310924369748,12.184873949579831,17.22689075630252,24.6218487394958,3.7815126050420167,3.1092436974789917,0.0,0.5042016806722689,0.9243697478991597,0.0,0.0,0.08403361344537816,0.0,89.24369747899159,1.5126050420168067,0.8403361344537815,0.0,2.9411764705882355,32.16216216216216,5.008403361344538,0.972972972972973,1.0,0.0,37,Dificil
