Title,Por_Sinonimos,Por_Abreviaturas,Por_Siglas,Por_verbs,Infinitive_Verbs_number,Gerund_Verbs_number,Participle_Verbs_number,Determiners_number,Preposition_number,Noun,Por_Desconocidas,Por_Largas,Por_Superlativos,Por_Adverbios,Por_Simbolos,Mayusuculas_NoSiglas,Por_Inderterminados,Por_numeros,Por_complex,Por_muy_frecuentes,Por_frecuentes,Por_poco_frecuentes,Por_comillas,Por_Homo,Ratio_Palabra_Frases,Ratio_Caracteres_Palabra,Comas,puntos,punto_y_coma,N_sentences,Tipo
RentaAgrariaH,8.724832214765101,1.5659955257270695,0.22371364653243847,12.751677852348994,4.697986577181208,0.22371364653243847,3.131991051454139,14.5413870246085,17.225950782997764,21.700223713646533,4.47427293064877,2.684563758389262,0.0,0.44742729306487694,0.8948545861297539,0.0,0.0,2.0134228187919465,0.0,93.73601789709173,0.22371364653243847,0.8948545861297539,0.0,3.131991051454139,20.318181818181817,5.295302013422819,0.7272727272727273,1.0,0.0,22,Dificil
