Title,Mu,Flesch,Por_Sinonimos,Por_Abreviaturas,Por_Siglas,Por_verbs,Infinitive_Verbs_number,Gerund_Verbs_number,Participle_Verbs_number,Articles_number,Preposition_number,Noun,Por_Desconocidas,Por_Largas,Por_Superlativos,Por_Adverbios,Por_Simbolos,Mayusuculas_NoSiglas,Por_Inderterminados,Por_numeros,Por_complex,Por_muy_frecuentes,Por_frecuentes,Por_poco_frecuentes,Por_comillas,Por_Homo,Tipo
AltaAutonomosDiseñadoresProgramadores,50.58,15.5,3.492433061699651,2.7939464493597206,2.0954598370197903,12.223515715948778,4.074505238649593,0.11641443538998836,1.0477299185098952,10.593713620488941,15.59953434225844,26.30966239813737,4.190919674039581,0.23282887077997672,0.0,0.3492433061699651,1.979045401629802,0.23282887077997672,0.0,1.5133876600698486,0.0,84.63329452852153,0.6984866123399301,1.280558789289872,0.0,2.0954598370197903,Facil
