Title,Mu,Flesch,Por_Sinonimos,Por_Abreviaturas,Por_Siglas,Por_verbs,Infinitive_Verbs_number,Gerund_Verbs_number,Participle_Verbs_number,Articles_number,Preposition_number,Noun,Por_Desconocidas,Por_Largas,Por_Superlativos,Por_Adverbios,Por_Simbolos,Mayusuculas_NoSiglas,Por_Inderterminados,Por_numeros,Por_complex,Por_muy_frecuentes,Por_frecuentes,Por_poco_frecuentes,Por_comillas,Por_Homo,Tipo
APPAgenciaTributariaRenta2019H,46.72,16.2,3.1876138433515484,1.366120218579235,3.0054644808743167,13.752276867030965,3.0054644808743167,0.36429872495446264,1.8214936247723132,14.025500910746812,17.03096539162113,25.591985428051,3.916211293260474,0.546448087431694,0.0,0.546448087431694,0.7285974499089253,0.36429872495446264,0.0,1.366120218579235,0.0,83.87978142076503,2.276867030965392,0.4553734061930783,0.0,1.639344262295082,Dificil
