Title,Mu,Flesch,Por_Sinonimos,Por_Abreviaturas,Por_Siglas,Por_verbs,Infinitive_Verbs_number,Gerund_Verbs_number,Participle_Verbs_number,Articles_number,Preposition_number,Noun,Por_Desconocidas,Por_Largas,Por_Superlativos,Por_Adverbios,Por_Simbolos,Mayusuculas_NoSiglas,Por_Inderterminados,Por_numeros,Por_complex,Por_muy_frecuentes,Por_frecuentes,Por_poco_frecuentes,Por_comillas,Por_Homo,Tipo
AutocalculoPrestacionesParo,49.8,23.8,3.104575163398693,1.4705882352941178,1.4705882352941178,15.522875816993464,4.248366013071895,0.49019607843137253,1.7973856209150327,13.88888888888889,14.869281045751634,23.366013071895424,3.104575163398693,0.49019607843137253,0.0,0.32679738562091504,1.7973856209150327,0.0,0.0,0.8169934640522876,0.0,85.29411764705883,0.16339869281045752,0.9803921568627451,0.0,3.104575163398693,Facil
