Title,Mu,Flesch,Por_Sinonimos,Por_Abreviaturas,Por_Siglas,Por_verbs,Infinitive_Verbs_number,Gerund_Verbs_number,Participle_Verbs_number,Articles_number,Preposition_number,Noun,Por_Desconocidas,Por_Largas,Por_Superlativos,Por_Adverbios,Por_Simbolos,Mayusuculas_NoSiglas,Por_Inderterminados,Por_numeros,Por_complex,Por_muy_frecuentes,Por_frecuentes,Por_poco_frecuentes,Por_comillas,Por_Homo,Tipo
AyudasAutonomosParoFacilH,38.88,20.7,4.705882352941177,0.16806722689075632,1.0084033613445378,7.394957983193278,1.0084033613445378,0.16806722689075632,2.3529411764705883,13.445378151260504,20.0,29.07563025210084,5.546218487394958,0.8403361344537815,0.0,0.33613445378151263,1.0084033613445378,0.6722689075630253,0.0,2.857142857142857,0.0,85.04201680672269,0.33613445378151263,0.0,0.0,1.0084033613445378,Dificil
