Title,Mu,Flesch,Por_Sinonimos,Por_Abreviaturas,Por_Siglas,Por_verbs,Infinitive_Verbs_number,Gerund_Verbs_number,Participle_Verbs_number,Articles_number,Preposition_number,Noun,Por_Desconocidas,Por_Largas,Por_Superlativos,Por_Adverbios,Por_Simbolos,Mayusuculas_NoSiglas,Por_Inderterminados,Por_numeros,Por_complex,Por_muy_frecuentes,Por_frecuentes,Por_poco_frecuentes,Por_comillas,Por_Homo,Tipo
AyudasParadosLargaDuracionH,42.36,18.3,4.3893129770992365,3.816793893129771,0.9541984732824428,9.16030534351145,2.2900763358778624,0.0,3.6259541984732824,8.587786259541986,18.702290076335878,26.717557251908396,4.3893129770992365,0.7633587786259542,0.0,0.7633587786259542,1.1450381679389312,0.7633587786259542,0.0,2.8625954198473282,0.0,82.63358778625954,0.7633587786259542,0.3816793893129771,0.0,3.2442748091603053,Dificil
