Title,Mu,Flesch,Por_Sinonimos,Por_Abreviaturas,Por_Siglas,Por_verbs,Infinitive_Verbs_number,Gerund_Verbs_number,Participle_Verbs_number,Articles_number,Preposition_number,Noun,Por_Desconocidas,Por_Largas,Por_Superlativos,Por_Adverbios,Por_Simbolos,Mayusuculas_NoSiglas,Por_Inderterminados,Por_numeros,Por_complex,Por_muy_frecuentes,Por_frecuentes,Por_poco_frecuentes,Por_comillas,Por_Homo,Tipo
CalendarioDelContribuyente,49.03,25.8,1.103448275862069,1.103448275862069,1.9310344827586208,9.241379310344827,2.6206896551724137,0.0,1.103448275862069,12.827586206896552,19.17241379310345,23.862068965517242,8.275862068965518,0.5517241379310345,0.0,0.27586206896551724,1.3793103448275863,0.13793103448275862,0.13793103448275862,5.655172413793103,0.0,83.72413793103448,0.0,0.13793103448275862,0.0,2.4827586206896552,Facil
