Title,Mu,Flesch,Por_Sinonimos,Por_Abreviaturas,Por_Siglas,Por_verbs,Infinitive_Verbs_number,Gerund_Verbs_number,Participle_Verbs_number,Articles_number,Preposition_number,Noun,Por_Desconocidas,Por_Largas,Por_Superlativos,Por_Adverbios,Por_Simbolos,Mayusuculas_NoSiglas,Por_Inderterminados,Por_numeros,Por_complex,Por_muy_frecuentes,Por_frecuentes,Por_poco_frecuentes,Por_comillas,Por_Homo,Tipo
CertificadoEmpresaH,43.74,17.0,4.191616766467066,0.5988023952095808,0.5988023952095808,13.173652694610778,3.592814371257485,1.7964071856287425,4.191616766467066,13.173652694610778,16.766467065868262,26.94610778443114,5.9880239520958085,1.7964071856287425,0.0,0.5988023952095808,2.9940119760479043,1.7964071856287425,0.0,2.395209580838323,0.0,83.83233532934132,0.0,0.0,0.0,3.592814371257485,Dificil
