Title,Mu,Flesch,Por_Sinonimos,Por_Abreviaturas,Por_Siglas,Por_verbs,Infinitive_Verbs_number,Gerund_Verbs_number,Participle_Verbs_number,Articles_number,Preposition_number,Noun,Por_Desconocidas,Por_Largas,Por_Superlativos,Por_Adverbios,Por_Simbolos,Mayusuculas_NoSiglas,Por_Inderterminados,Por_numeros,Por_complex,Por_muy_frecuentes,Por_frecuentes,Por_poco_frecuentes,Por_comillas,Por_Homo,Tipo
CertificadoRetencionesIRPF2019Facil,51.4,18.5,2.2606382978723403,1.7287234042553192,4.787234042553192,13.962765957446809,2.6595744680851063,0.13297872340425532,2.127659574468085,12.367021276595745,15.824468085106384,25.930851063829788,3.324468085106383,0.39893617021276595,0.0,0.26595744680851063,3.4574468085106385,0.5319148936170213,0.0,2.6595744680851063,0.0,82.57978723404256,0.5319148936170213,2.2606382978723403,0.0,2.7925531914893615,Facil
