Title,Mu,Flesch,Por_Sinonimos,Por_Abreviaturas,Por_Siglas,Por_verbs,Infinitive_Verbs_number,Gerund_Verbs_number,Participle_Verbs_number,Articles_number,Preposition_number,Noun,Por_Desconocidas,Por_Largas,Por_Superlativos,Por_Adverbios,Por_Simbolos,Mayusuculas_NoSiglas,Por_Inderterminados,Por_numeros,Por_complex,Por_muy_frecuentes,Por_frecuentes,Por_poco_frecuentes,Por_comillas,Por_Homo,Tipo
CitaPreviaExtranjeriaHuellasH,39.69,37.8,5.2631578947368425,1.9390581717451523,3.0470914127423825,8.033240997229917,1.9390581717451523,0.0,3.0470914127423825,9.141274238227147,18.282548476454295,36.28808864265928,4.1551246537396125,2.4930747922437675,0.0,0.2770083102493075,2.21606648199446,4.986149584487535,0.0,1.3850415512465375,0.0,82.82548476454294,0.554016620498615,0.8310249307479224,0.0,1.6620498614958448,Dificil
