Title,Mu,Flesch,Por_Sinonimos,Por_Abreviaturas,Por_Siglas,Por_verbs,Infinitive_Verbs_number,Gerund_Verbs_number,Participle_Verbs_number,Articles_number,Preposition_number,Noun,Por_Desconocidas,Por_Largas,Por_Superlativos,Por_Adverbios,Por_Simbolos,Mayusuculas_NoSiglas,Por_Inderterminados,Por_numeros,Por_complex,Por_muy_frecuentes,Por_frecuentes,Por_poco_frecuentes,Por_comillas,Por_Homo,Tipo
CitaPreviaRenovarDNIPasaporte,52.57,13.1,2.3516237402015676,2.015677491601344,2.3516237402015676,15.453527435610303,5.375139977603584,0.671892497200448,1.5677491601343785,12.541993281075028,14.893617021276595,23.404255319148938,4.479283314669653,0.7838745800671892,0.0,0.4479283314669653,1.9036954087346025,0.335946248600224,0.0,1.007838745800672,0.0,82.30683090705487,1.2318029115341544,0.7838745800671892,0.0,2.9115341545352744,Facil
