Title,Mu,Flesch,Por_Sinonimos,Por_Abreviaturas,Por_Siglas,Por_verbs,Infinitive_Verbs_number,Gerund_Verbs_number,Participle_Verbs_number,Articles_number,Preposition_number,Noun,Por_Desconocidas,Por_Largas,Por_Superlativos,Por_Adverbios,Por_Simbolos,Mayusuculas_NoSiglas,Por_Inderterminados,Por_numeros,Por_complex,Por_muy_frecuentes,Por_frecuentes,Por_poco_frecuentes,Por_comillas,Por_Homo,Tipo
CobrarParoEnExtranjero,46.66,18.3,8.447802197802197,0.9615384615384616,0.8241758241758241,15.934065934065934,4.326923076923077,0.7554945054945055,1.7857142857142858,12.637362637362637,16.208791208791208,25.343406593406595,2.4038461538461537,0.7554945054945055,0.0,0.27472527472527475,1.510989010989011,0.06868131868131869,0.0,1.3736263736263736,0.0,87.56868131868131,0.13736263736263737,0.27472527472527475,0.0,2.4725274725274726,Facil
