Title,Mu,Flesch,Por_Sinonimos,Por_Abreviaturas,Por_Siglas,Por_verbs,Infinitive_Verbs_number,Gerund_Verbs_number,Participle_Verbs_number,Articles_number,Preposition_number,Noun,Por_Desconocidas,Por_Largas,Por_Superlativos,Por_Adverbios,Por_Simbolos,Mayusuculas_NoSiglas,Por_Inderterminados,Por_numeros,Por_complex,Por_muy_frecuentes,Por_frecuentes,Por_poco_frecuentes,Por_comillas,Por_Homo,Tipo
ConsultarDevolucionDeRenta,47.02,14.3,3.6345776031434185,0.9823182711198428,0.7858546168958742,16.601178781925345,3.9292730844793713,0.19646365422396855,3.536345776031434,16.208251473477407,15.12770137524558,24.557956777996072,3.43811394891945,0.68762278978389,0.0,0.68762278978389,0.4911591355599214,0.0,0.19646365422396855,0.8840864440078585,0.0,88.31041257367387,0.3929273084479371,0.09823182711198428,0.0,3.732809430255403,Facil
