Title,Mu,Flesch,Por_Sinonimos,Por_Abreviaturas,Por_Siglas,Por_verbs,Infinitive_Verbs_number,Gerund_Verbs_number,Participle_Verbs_number,Articles_number,Preposition_number,Noun,Por_Desconocidas,Por_Largas,Por_Superlativos,Por_Adverbios,Por_Simbolos,Mayusuculas_NoSiglas,Por_Inderterminados,Por_numeros,Por_complex,Por_muy_frecuentes,Por_frecuentes,Por_poco_frecuentes,Por_comillas,Por_Homo,Tipo
CosteDefensaJuicioLaboral,53.8,14.2,6.879739978331528,1.1375947995666305,0.8125677139761647,16.793066088840735,5.742145178764897,0.27085590465872156,2.058504875406284,15.167930660888407,13.867822318526544,22.697724810400867,0.9209100758396533,0.3250270855904659,0.0,0.5417118093174431,0.27085590465872156,0.4333694474539545,0.05417118093174431,0.4333694474539545,0.0,88.94907908992415,0.16251354279523295,0.3250270855904659,0.0,1.7876489707475622,Facil
