Title,Mu,Flesch,Por_Sinonimos,Por_Abreviaturas,Por_Siglas,Por_verbs,Infinitive_Verbs_number,Gerund_Verbs_number,Participle_Verbs_number,Articles_number,Preposition_number,Noun,Por_Desconocidas,Por_Largas,Por_Superlativos,Por_Adverbios,Por_Simbolos,Mayusuculas_NoSiglas,Por_Inderterminados,Por_numeros,Por_complex,Por_muy_frecuentes,Por_frecuentes,Por_poco_frecuentes,Por_comillas,Por_Homo,Tipo
DemandaEmpleoH,45.37,18.7,3.7249283667621778,2.005730659025788,1.146131805157593,13.46704871060172,3.7249283667621778,0.5730659025787965,2.005730659025788,12.607449856733524,17.76504297994269,24.64183381088825,5.730659025787966,1.146131805157593,0.0,0.28653295128939826,0.0,0.5730659025787965,0.0,1.146131805157593,0.0,84.81375358166189,0.0,0.28653295128939826,0.0,3.151862464183381,Dificil
