Title,Mu,Flesch,Por_Sinonimos,Por_Abreviaturas,Por_Siglas,Por_verbs,Infinitive_Verbs_number,Gerund_Verbs_number,Participle_Verbs_number,Articles_number,Preposition_number,Noun,Por_Desconocidas,Por_Largas,Por_Superlativos,Por_Adverbios,Por_Simbolos,Mayusuculas_NoSiglas,Por_Inderterminados,Por_numeros,Por_complex,Por_muy_frecuentes,Por_frecuentes,Por_poco_frecuentes,Por_comillas,Por_Homo,Tipo
PagarMultasTraficoH,49.47,15.3,6.199770378874857,1.9517795637198623,0.574052812858783,12.629161882893227,3.214695752009185,0.4592422502870264,0.9184845005740528,12.629161882893227,18.369690011481055,24.225028702640643,4.592422502870264,1.2629161882893227,0.0,0.574052812858783,1.2629161882893227,0.34443168771526983,0.0,1.722158438576349,0.0,82.548794489093,0.4592422502870264,0.8036739380022963,0.0,3.0998851894374284,Dificil
