Title,Mu,Flesch,Por_Sinonimos,Por_Abreviaturas,Por_Siglas,Por_verbs,Infinitive_Verbs_number,Gerund_Verbs_number,Participle_Verbs_number,Articles_number,Preposition_number,Noun,Por_Desconocidas,Por_Largas,Por_Superlativos,Por_Adverbios,Por_Simbolos,Mayusuculas_NoSiglas,Por_Inderterminados,Por_numeros,Por_complex,Por_muy_frecuentes,Por_frecuentes,Por_poco_frecuentes,Por_comillas,Por_Homo,Tipo
ParoPrimeraVezH,41.55,24.2,8.426073131955485,3.100158982511924,0.9538950715421304,9.936406995230525,0.8744038155802861,0.2384737678855326,3.4976152623211445,10.651828298887123,18.91891891891892,29.093799682034977,4.213036565977743,1.2718600953895072,0.0,0.4769475357710652,0.6359300476947536,0.5564387917329093,0.0,0.1589825119236884,0.0,85.93004769475358,0.4769475357710652,0.2384737678855326,0.0,2.46422893481717,Dificil
