Title,Mu,Flesch,Por_Sinonimos,Por_Abreviaturas,Por_Siglas,Por_verbs,Infinitive_Verbs_number,Gerund_Verbs_number,Participle_Verbs_number,Articles_number,Preposition_number,Noun,Por_Desconocidas,Por_Largas,Por_Superlativos,Por_Adverbios,Por_Simbolos,Mayusuculas_NoSiglas,Por_Inderterminados,Por_numeros,Por_complex,Por_muy_frecuentes,Por_frecuentes,Por_poco_frecuentes,Por_comillas,Por_Homo,Tipo
PrestacionMaternidadH,45.09,30.7,2.9612756264236904,2.9612756264236904,1.5945330296127562,14.123006833712983,2.733485193621868,1.1389521640091116,1.8223234624145785,14.578587699316628,17.767653758542142,29.38496583143508,0.9111617312072893,0.9111617312072893,0.0,0.0,0.683371298405467,1.366742596810934,0.0,0.22779043280182232,0.0,89.749430523918,0.683371298405467,0.45558086560364464,0.0,2.050113895216401,Dificil
