Title,Mu,Flesch,Por_Sinonimos,Por_Abreviaturas,Por_Siglas,Por_verbs,Infinitive_Verbs_number,Gerund_Verbs_number,Participle_Verbs_number,Articles_number,Preposition_number,Noun,Por_Desconocidas,Por_Largas,Por_Superlativos,Por_Adverbios,Por_Simbolos,Mayusuculas_NoSiglas,Por_Inderterminados,Por_numeros,Por_complex,Por_muy_frecuentes,Por_frecuentes,Por_poco_frecuentes,Por_comillas,Por_Homo,Tipo
RetornoVoluntarioProductivo,47.74,19.5,6.284153005464481,0.9562841530054644,0.273224043715847,13.524590163934427,4.918032786885246,0.273224043715847,2.185792349726776,12.978142076502733,19.12568306010929,27.595628415300546,1.9125683060109289,1.092896174863388,0.0,0.546448087431694,1.092896174863388,0.1366120218579235,0.0,0.9562841530054644,0.0,89.61748633879782,0.4098360655737705,0.273224043715847,0.0,4.371584699453552,Facil
