Title,Mu,Flesch,Por_Sinonimos,Por_Abreviaturas,Por_Siglas,Por_verbs,Infinitive_Verbs_number,Gerund_Verbs_number,Participle_Verbs_number,Articles_number,Preposition_number,Noun,Por_Desconocidas,Por_Largas,Por_Superlativos,Por_Adverbios,Por_Simbolos,Mayusuculas_NoSiglas,Por_Inderterminados,Por_numeros,Por_complex,Por_muy_frecuentes,Por_frecuentes,Por_poco_frecuentes,Por_comillas,Por_Homo,Tipo
SistemaCl@avePin,45.25,17.1,4.265402843601896,0.8293838862559242,4.028436018957346,14.691943127962086,3.4360189573459716,0.35545023696682465,2.3696682464454977,13.033175355450236,16.232227488151658,28.436018957345972,1.4218009478672986,1.6587677725118484,0.0,0.5924170616113744,2.3696682464454977,0.35545023696682465,0.0,0.0,0.0,86.84834123222748,1.3033175355450237,0.9478672985781991,0.0,2.6066350710900474,Facil
