Title,Mu,Flesch,Por_Sinonimos,Por_Abreviaturas,Por_Siglas,Por_verbs,Infinitive_Verbs_number,Gerund_Verbs_number,Participle_Verbs_number,Articles_number,Preposition_number,Noun,Por_Desconocidas,Por_Largas,Por_Superlativos,Por_Adverbios,Por_Simbolos,Mayusuculas_NoSiglas,Por_Inderterminados,Por_numeros,Por_complex,Por_muy_frecuentes,Por_frecuentes,Por_poco_frecuentes,Por_comillas,Por_Homo,Tipo
SolicitarBorradorDeclaracionRenta,48.21,15.4,2.4742268041237114,1.443298969072165,1.958762886597938,13.711340206185566,4.948453608247423,0.10309278350515463,1.5463917525773196,14.22680412371134,16.288659793814432,24.742268041237114,6.494845360824742,0.7216494845360825,0.0,0.20618556701030927,1.2371134020618557,0.30927835051546393,0.0,2.783505154639175,0.0,83.6082474226804,0.6185567010309279,0.20618556701030927,0.0,3.2989690721649483,Facil
