Title,Mu,Flesch,Por_Sinonimos,Por_Abreviaturas,Por_Siglas,Por_verbs,Infinitive_Verbs_number,Gerund_Verbs_number,Participle_Verbs_number,Articles_number,Preposition_number,Noun,Por_Desconocidas,Por_Largas,Por_Superlativos,Por_Adverbios,Por_Simbolos,Mayusuculas_NoSiglas,Por_Inderterminados,Por_numeros,Por_complex,Por_muy_frecuentes,Por_frecuentes,Por_poco_frecuentes,Por_comillas,Por_Homo,Tipo
SolicitarCertificadoIRPFH,40.75,17.6,2.277904328018223,0.9111617312072893,3.416856492027335,14.806378132118452,4.555808656036446,0.11389521640091116,1.5945330296127562,14.236902050113896,15.831435079726651,23.234624145785876,5.580865603644647,1.1389521640091116,0.0,0.683371298405467,0.683371298405467,0.3416856492027335,0.0,0.7972665148063781,0.0,86.33257403189066,0.22779043280182232,0.22779043280182232,0.0,2.164009111617312,Dificil
