Title,Mu,Flesch,Por_Sinonimos,Por_Abreviaturas,Por_Siglas,Por_verbs,Infinitive_Verbs_number,Gerund_Verbs_number,Participle_Verbs_number,Articles_number,Preposition_number,Noun,Por_Desconocidas,Por_Largas,Por_Superlativos,Por_Adverbios,Por_Simbolos,Mayusuculas_NoSiglas,Por_Inderterminados,Por_numeros,Por_complex,Por_muy_frecuentes,Por_frecuentes,Por_poco_frecuentes,Por_comillas,Por_Homo,Tipo
TarjetaSanitariaEuropeaH,49.35,26.0,4.093567251461988,1.1695906432748537,3.3625730994152048,10.818713450292398,2.4853801169590644,0.5847953216374269,1.9005847953216375,12.280701754385966,13.157894736842104,31.140350877192983,2.6315789473684212,1.3157894736842106,0.0,0.14619883040935672,4.5321637426900585,0.14619883040935672,0.0,0.7309941520467836,0.0,80.70175438596492,0.5847953216374269,0.5847953216374269,0.0,1.4619883040935673,Dificil
