Title,Mu,Flesch,Por_Sinonimos,Por_Abreviaturas,Por_Siglas,Por_verbs,Infinitive_Verbs_number,Gerund_Verbs_number,Participle_Verbs_number,Articles_number,Preposition_number,Noun,Por_Desconocidas,Por_Largas,Por_Superlativos,Por_Adverbios,Por_Simbolos,Mayusuculas_NoSiglas,Por_Inderterminados,Por_numeros,Por_complex,Por_muy_frecuentes,Por_frecuentes,Por_poco_frecuentes,Por_comillas,Por_Homo,Tipo
TramitesINEM,52.47,34.8,6.609195402298851,0.5747126436781609,4.597701149425287,5.172413793103448,1.7241379310344827,0.28735632183908044,0.28735632183908044,8.333333333333334,17.528735632183906,33.62068965517241,6.896551724137931,0.5747126436781609,0.0,0.28735632183908044,4.597701149425287,1.1494252873563218,0.0,0.28735632183908044,0.0,80.45977011494253,0.28735632183908044,2.2988505747126435,0.0,2.586206896551724,Facil
