Title,Mu,Flesch,Por_Sinonimos,Por_Abreviaturas,Por_Siglas,Por_verbs,Infinitive_Verbs_number,Gerund_Verbs_number,Participle_Verbs_number,Articles_number,Preposition_number,Noun,Por_Desconocidas,Por_Largas,Por_Superlativos,Por_Adverbios,Por_Simbolos,Mayusuculas_NoSiglas,Por_Inderterminados,Por_numeros,Por_complex,Por_muy_frecuentes,Por_frecuentes,Por_poco_frecuentes,Por_comillas,Por_Homo,Tipo
VidaLaboralFacil,54.45,14.6,2.285361334156887,0.679431747992588,1.7294626312538603,12.847436689314392,3.026559604694256,0.24706609017912293,1.358863495985176,14.021000617665225,15.25633106856084,26.374305126621373,2.1000617665225447,0.9264978381717109,0.0,0.5558987029030266,1.7912291537986411,0.3705991352686844,0.0,1.358863495985176,0.0,85.85546633724522,0.679431747992588,0.24706609017912293,0.0,1.5441630636195183,Facil
